02_15_14_37_06_429_right.jpg,0.00523598771542,0.600000023842
02_15_14_37_06_430_left.jpg,0.00523598771542,0.600000023842
02_15_14_37_06_464_left.jpg,-0.00349065847695,0.600000023842
02_15_14_37_06_474_right.jpg,-0.00349065847695,0.600000023842
02_15_14_37_06_547_right.jpg,-0.0104719754308,0.600000023842
02_15_14_37_06_547_left.jpg,-0.0104719754308,0.600000023842
02_15_14_37_06_572_left.jpg,-0.0104719754308,0.600000023842
02_15_14_37_06_618_left.jpg,-0.0191986225545,0.600000023842
02_15_14_37_06_627_right.jpg,-0.0191986225545,0.600000023842
02_15_14_37_06_629_right.jpg,-0.0191986225545,0.600000023842
02_15_14_37_06_695_left.jpg,-0.0174532923847,0.600000023842
02_15_14_37_06_699_right.jpg,-0.0174532923847,0.600000023842
02_15_14_37_06_738_left.jpg,-0.0296705979854,0.600000023842
02_15_14_37_06_741_right.jpg,-0.0296705979854,0.600000023842
02_15_14_37_06_763_left.jpg,-0.0296705979854,0.600000023842
02_15_14_37_06_765_right.jpg,-0.0296705979854,0.600000023842
02_15_14_37_06_793_left.jpg,-0.0331612564623,0.600000023842
02_15_14_37_06_794_right.jpg,-0.0331612564623,0.600000023842
02_15_14_37_06_831_left.jpg,-0.0366519130766,0.600000023842
02_15_14_37_06_835_right.jpg,-0.0366519130766,0.600000023842
02_15_14_37_06_901_left.jpg,-0.0401425734162,0.600000023842
02_15_14_37_06_902_right.jpg,-0.0401425734162,0.600000023842
02_15_14_37_06_926_left.jpg,-0.0401425734162,0.600000023842
02_15_14_37_06_933_right.jpg,-0.0593411959708,0.600000023842
02_15_14_37_06_961_left.jpg,-0.0593411959708,0.600000023842
02_15_14_37_06_965_right.jpg,-0.0593411959708,0.600000023842
02_15_14_37_06_991_left.jpg,-0.0488692186773,0.600000023842
02_15_14_37_06_996_right.jpg,-0.0488692186773,0.600000023842
02_15_14_37_07_029_right.jpg,-0.045378562063,0.600000023842
02_15_14_37_07_030_left.jpg,-0.045378562063,0.600000023842
02_15_14_37_07_115_left.jpg,-0.0506145469844,0.600000023842
02_15_14_37_07_120_right.jpg,-0.0506145469844,0.600000023842
02_15_14_37_07_164_left.jpg,-0.0575958639383,0.600000023842
02_15_14_37_07_165_right.jpg,-0.0575958639383,0.600000023842
02_15_14_37_07_230_left.jpg,-0.0558505356312,0.600000023842
02_15_14_37_07_234_right.jpg,-0.0558505356312,0.600000023842
02_15_14_37_07_300_right.jpg,-0.0523598790169,0.600000023842
02_15_14_37_07_306_left.jpg,-0.0523598790169,0.600000023842
02_15_14_37_07_341_right.jpg,-0.0523598790169,0.600000023842
02_15_14_37_07_342_left.jpg,-0.0523598790169,0.600000023842
02_15_14_37_07_363_left.jpg,-0.0523598790169,0.600000023842
02_15_14_37_07_364_right.jpg,-0.0523598790169,0.600000023842
02_15_14_37_07_414_left.jpg,-0.0506145469844,0.600000023842
02_15_14_37_07_417_right.jpg,-0.0506145469844,0.600000023842
02_15_14_37_07_459_left.jpg,-0.0506145469844,0.600000023842
02_15_14_37_07_461_right.jpg,-0.0506145469844,0.600000023842
02_15_14_37_07_508_right.jpg,-0.0506145469844,0.600000023842
02_15_14_37_07_509_left.jpg,-0.0506145469844,0.600000023842
02_15_14_37_07_540_left.jpg,-0.0558505356312,0.600000023842
02_15_14_37_07_543_right.jpg,-0.0558505356312,0.600000023842
02_15_14_37_07_582_left.jpg,-0.0575958639383,0.600000023842
02_15_14_37_07_585_right.jpg,-0.0575958639383,0.600000023842
02_15_14_37_07_622_left.jpg,-0.0575958639383,0.600000023842
02_15_14_37_07_632_right.jpg,-0.054105207324,0.600000023842
02_15_14_37_07_675_left.jpg,-0.0593411959708,0.600000023842
02_15_14_37_07_681_right.jpg,-0.0593411959708,0.600000023842
02_15_14_37_07_719_left.jpg,-0.0558505356312,0.600000023842
02_15_14_37_07_721_right.jpg,-0.0558505356312,0.600000023842
02_15_14_37_07_757_left.jpg,-0.0558505356312,0.600000023842
02_15_14_37_07_768_right.jpg,-0.0558505356312,0.600000023842
02_15_14_37_07_824_right.jpg,-0.0558505356312,0.600000023842
02_15_14_37_07_826_left.jpg,-0.0558505356312,0.600000023842
02_15_14_37_07_861_left.jpg,-0.0558505356312,0.600000023842
02_15_14_37_07_867_right.jpg,-0.0558505356312,0.600000023842
02_15_14_37_07_906_right.jpg,-0.0558505356312,0.600000023842
02_15_14_37_07_911_left.jpg,-0.0558505356312,0.600000023842
02_15_14_37_07_974_left.jpg,-0.0610865242779,0.600000023842
02_15_14_37_07_977_right.jpg,-0.0610865242779,0.600000023842
02_15_14_37_08_002_left.jpg,-0.0610865242779,0.600000023842
02_15_14_37_08_006_right.jpg,-0.0610865242779,0.600000023842
02_15_14_37_08_041_right.jpg,-0.0628318563104,0.600000023842
02_15_14_37_08_043_left.jpg,-0.0628318563104,0.600000023842
02_15_14_37_08_074_left.jpg,-0.0593411959708,0.600000023842
02_15_14_37_08_074_right.jpg,-0.0593411959708,0.600000023842
02_15_14_37_08_107_left.jpg,-0.0645771846175,0.600000023842
02_15_14_37_08_114_right.jpg,-0.0645771846175,0.600000023842
02_15_14_37_08_170_left.jpg,-0.0610865242779,0.600000023842
02_15_14_37_08_176_right.jpg,-0.0663225129247,0.600000023842
02_15_14_37_08_206_left.jpg,-0.0663225129247,0.600000023842
02_15_14_37_08_207_right.jpg,-0.0663225129247,0.600000023842
02_15_14_37_08_245_right.jpg,-0.0663225129247,0.600000023842
02_15_14_37_08_245_left.jpg,-0.0663225129247,0.600000023842
02_15_14_37_08_283_right.jpg,0.0104719754308,0.600000023842
02_15_14_37_08_285_left.jpg,0.0104719754308,0.600000023842
02_15_14_37_08_317_left.jpg,-0.0488692186773,0.600000023842
02_15_14_37_08_317_right.jpg,-0.0488692186773,0.600000023842
02_15_14_37_08_385_left.jpg,-0.0418879017234,0.600000023842
02_15_14_37_08_385_right.jpg,-0.0418879017234,0.600000023842
02_15_14_37_08_419_left.jpg,0.136135682464,0.600000023842
02_15_14_37_08_423_right.jpg,0.136135682464,0.600000023842
02_15_14_37_08_462_right.jpg,0.0436332300305,0.600000023842
02_15_14_37_08_468_left.jpg,0.0436332300305,0.600000023842
02_15_14_37_08_497_left.jpg,0.0680678412318,0.600000023842
02_15_14_37_08_501_right.jpg,0.0680678412318,0.600000023842
02_15_14_37_08_576_left.jpg,0.214675500989,0.600000023842
02_15_14_37_08_578_right.jpg,0.214675500989,0.600000023842
02_15_14_37_08_597_left.jpg,0.214675500989,0.600000023842
02_15_14_37_08_601_right.jpg,0.214675500989,0.600000023842
02_15_14_37_08_640_left.jpg,0.137881010771,0.600000023842
02_15_14_37_08_646_right.jpg,0.137881010771,0.600000023842
02_15_14_37_08_677_left.jpg,0.137881010771,0.600000023842
02_15_14_37_08_681_right.jpg,0.137881010771,0.600000023842
02_15_14_37_08_729_left.jpg,0.143116995692,0.600000023842
02_15_14_37_08_733_right.jpg,0.146607652307,0.600000023842
02_15_14_37_08_807_left.jpg,0.174532920122,0.600000023842
02_15_14_37_08_809_right.jpg,0.174532920122,0.600000023842
02_15_14_37_08_843_left.jpg,0.174532920122,0.600000023842
02_15_14_37_08_846_right.jpg,0.174532920122,0.600000023842
02_15_14_37_08_879_left.jpg,0.225147470832,0.600000023842
02_15_14_37_08_883_right.jpg,0.225147470832,0.600000023842
02_15_14_37_08_933_left.jpg,0.280998021364,0.600000023842
02_15_14_37_08_941_right.jpg,0.0628318563104,0.600000023842
02_15_14_37_08_952_left.jpg,0.0628318563104,0.600000023842
02_15_14_37_08_967_right.jpg,0.0628318563104,0.600000023842
02_15_14_37_09_027_left.jpg,0.286233991385,0.600000023842
02_15_14_37_09_030_right.jpg,0.286233991385,0.600000023842
02_15_14_37_09_076_right.jpg,0.164060950279,0.600000023842
02_15_14_37_09_078_left.jpg,0.164060950279,0.600000023842
02_15_14_37_09_108_left.jpg,0.158824965358,0.600000023842
02_15_14_37_09_115_right.jpg,0.158824965358,0.600000023842
02_15_14_37_09_152_left.jpg,0.144862323999,0.600000023842
02_15_14_37_09_156_right.jpg,0.144862323999,0.600000023842
02_15_14_37_09_188_left.jpg,0.144862323999,0.600000023842
02_15_14_37_09_196_right.jpg,0.144862323999,0.600000023842
02_15_14_37_09_276_left.jpg,0.111701071262,0.600000023842
02_15_14_37_09_277_right.jpg,0.111701071262,0.600000023842
02_15_14_37_09_313_left.jpg,0.0750491544604,0.600000023842
02_15_14_37_09_317_right.jpg,0.0750491544604,0.600000023842
02_15_14_37_09_338_left.jpg,0.120427720249,0.600000023842
02_15_14_37_09_343_right.jpg,0.120427720249,0.600000023842
02_15_14_37_09_387_left.jpg,0.0994837656617,0.600000023842
02_15_14_37_09_391_right.jpg,0.0994837656617,0.600000023842
02_15_14_37_09_404_left.jpg,0.0994837656617,0.600000023842
02_15_14_37_09_405_right.jpg,0.0994837656617,0.600000023842
02_15_14_37_09_493_right.jpg,0.0925024524331,0.600000023842
02_15_14_37_09_494_left.jpg,0.0925024524331,0.600000023842
02_15_14_37_09_531_left.jpg,0.0925024524331,0.600000023842
02_15_14_37_09_532_right.jpg,0.130899697542,0.600000023842
02_15_14_37_09_559_left.jpg,0.130899697542,0.600000023842
02_15_14_37_09_560_right.jpg,0.130899697542,0.600000023842
02_15_14_37_09_605_left.jpg,0.0959931090474,0.600000023842
02_15_14_37_09_608_right.jpg,0.0959931090474,0.600000023842
02_15_14_37_09_632_right.jpg,0.141371667385,0.600000023842
02_15_14_37_09_635_left.jpg,0.141371667385,0.600000023842
02_15_14_37_09_691_right.jpg,0.148352980614,0.600000023842
02_15_14_37_09_694_left.jpg,0.148352980614,0.600000023842
02_15_14_37_09_728_right.jpg,0.148352980614,0.600000023842
02_15_14_37_09_729_left.jpg,0.148352980614,0.600000023842
02_15_14_37_09_754_left.jpg,0.134390354156,0.600000023842
02_15_14_37_09_762_right.jpg,0.134390354156,0.600000023842
02_15_14_37_09_807_left.jpg,0.118682391942,0.600000023842
02_15_14_37_09_813_right.jpg,0.164060950279,0.600000023842
02_15_14_37_09_838_left.jpg,0.164060950279,0.600000023842
02_15_14_37_09_842_right.jpg,0.164060950279,0.600000023842
02_15_14_37_09_896_left.jpg,0.158824965358,0.600000023842
02_15_14_37_09_899_right.jpg,0.158824965358,0.600000023842
02_15_14_37_09_929_left.jpg,0.158824965358,0.600000023842
02_15_14_37_09_930_right.jpg,0.158824965358,0.600000023842
02_15_14_37_09_962_left.jpg,0.164060950279,0.600000023842
02_15_14_37_09_963_right.jpg,0.164060950279,0.600000023842
02_15_14_37_10_002_right.jpg,0.153588980436,0.600000023842
02_15_14_37_10_002_left.jpg,0.153588980436,0.600000023842
02_15_14_37_10_035_left.jpg,0.158824965358,0.600000023842
02_15_14_37_10_039_right.jpg,0.158824965358,0.600000023842
02_15_14_37_10_112_left.jpg,0.171042263508,0.600000023842
02_15_14_37_10_116_right.jpg,0.171042263508,0.600000023842
02_15_14_37_10_143_left.jpg,0.186750233173,0.600000023842
02_15_14_37_10_147_right.jpg,0.186750233173,0.600000023842
02_15_14_37_10_182_right.jpg,0.179768919945,0.600000023842
02_15_14_37_10_182_left.jpg,0.179768919945,0.600000023842
02_15_14_37_10_217_left.jpg,0.178023576736,0.600000023842
02_15_14_37_10_222_right.jpg,0.178023576736,0.600000023842
02_15_14_37_10_293_left.jpg,0.185004904866,0.600000023842
02_15_14_37_10_298_right.jpg,0.185004904866,0.600000023842
02_15_14_37_10_334_left.jpg,0.197222203016,0.600000023842
02_15_14_37_10_334_right.jpg,0.197222203016,0.600000023842
02_15_14_37_10_367_left.jpg,0.197222203016,0.600000023842
02_15_14_37_10_369_right.jpg,0.197222203016,0.600000023842
02_15_14_37_10_404_left.jpg,0.195476874709,0.600000023842
02_15_14_37_10_413_right.jpg,0.195476874709,0.600000023842
02_15_14_37_10_436_right.jpg,0.212930172682,0.600000023842
02_15_14_37_10_438_left.jpg,0.212930172682,0.600000023842
02_15_14_37_10_499_right.jpg,0.209439516068,0.600000023842
02_15_14_37_10_502_left.jpg,0.209439516068,0.600000023842
02_15_14_37_10_538_left.jpg,0.212930172682,0.600000023842
02_15_14_37_10_541_right.jpg,0.212930172682,0.600000023842
02_15_14_37_10_568_left.jpg,0.212930172682,0.600000023842
02_15_14_37_10_568_right.jpg,0.212930172682,0.600000023842
02_15_14_37_10_604_left.jpg,0.221656814218,0.600000023842
02_15_14_37_10_605_right.jpg,0.221656814218,0.600000023842
02_15_14_37_10_634_right.jpg,0.211184844375,0.600000023842
02_15_14_37_10_637_left.jpg,0.211184844375,0.600000023842
02_15_14_37_10_708_left.jpg,0.202458187938,0.600000023842
02_15_14_37_10_712_right.jpg,0.202458187938,0.600000023842
02_15_14_37_10_747_left.jpg,0.23212878406,0.600000023842
02_15_14_37_10_751_right.jpg,0.23212878406,0.600000023842
02_15_14_37_10_791_right.jpg,0.172787591815,0.600000023842
02_15_14_37_10_793_left.jpg,0.172787591815,0.600000023842
02_15_14_37_10_819_right.jpg,0.195476874709,0.600000023842
02_15_14_37_10_825_left.jpg,0.195476874709,0.600000023842
02_15_14_37_10_892_right.jpg,0.214675500989,0.600000023842
02_15_14_37_10_893_left.jpg,0.214675500989,0.600000023842
02_15_14_37_10_932_right.jpg,0.214675500989,0.600000023842
02_15_14_37_10_933_left.jpg,0.214675500989,0.600000023842
02_15_14_37_10_959_left.jpg,0.167551606894,0.600000023842
02_15_14_37_10_958_right.jpg,0.167551606894,0.600000023842
02_15_14_37_10_993_right.jpg,0.167551606894,0.600000023842
02_15_14_37_10_995_left.jpg,0.167551606894,0.600000023842
02_15_14_37_11_027_left.jpg,0.197222203016,0.600000023842
02_15_14_37_11_027_right.jpg,0.197222203016,0.600000023842
02_15_14_37_11_097_left.jpg,0.136135682464,0.600000023842
02_15_14_37_11_101_right.jpg,0.136135682464,0.600000023842
02_15_14_37_11_143_right.jpg,0.141371667385,0.600000023842
02_15_14_37_11_149_left.jpg,0.141371667385,0.600000023842
02_15_14_37_11_177_left.jpg,0.148352980614,0.600000023842
02_15_14_37_11_181_right.jpg,0.148352980614,0.600000023842
02_15_14_37_11_221_left.jpg,0.144862323999,0.600000023842
02_15_14_37_11_232_right.jpg,0.144862323999,0.600000023842
02_15_14_37_11_259_right.jpg,0.125663712621,0.600000023842
02_15_14_37_11_260_left.jpg,0.125663712621,0.600000023842
02_15_14_37_11_326_left.jpg,0.137881010771,0.600000023842
02_15_14_37_11_329_right.jpg,0.137881010771,0.600000023842
02_15_14_37_11_376_right.jpg,0.137881010771,0.600000023842
02_15_14_37_11_376_left.jpg,0.137881010771,0.600000023842
02_15_14_37_11_406_left.jpg,0.109955742955,0.600000023842
02_15_14_37_11_409_right.jpg,0.109955742955,0.600000023842
02_15_14_37_11_455_left.jpg,0.108210414648,0.600000023842
02_15_14_37_11_459_right.jpg,0.108210414648,0.600000023842
02_15_14_37_11_485_left.jpg,0.108210414648,0.600000023842
02_15_14_37_11_489_right.jpg,0.108210414648,0.600000023842
02_15_14_37_11_534_left.jpg,0.101229093969,0.600000023842
02_15_14_37_11_537_right.jpg,0.101229093969,0.600000023842
02_15_14_37_11_568_left.jpg,0.101229093969,0.600000023842
02_15_14_37_11_573_right.jpg,0.090757124126,0.600000023842
02_15_14_37_11_604_left.jpg,0.090757124126,0.600000023842
02_15_14_37_11_606_right.jpg,0.090757124126,0.600000023842
02_15_14_37_11_638_right.jpg,0.0872664600611,0.600000023842
02_15_14_37_11_638_left.jpg,0.0872664600611,0.600000023842
02_15_14_37_11_695_left.jpg,0.680678427219,0.600000023842
02_15_14_37_11_697_right.jpg,0.680678427219,0.600000023842
02_15_14_37_11_747_left.jpg,0.274016678333,0.600000023842
02_15_14_37_11_749_right.jpg,0.274016678333,0.600000023842
02_15_14_37_11_783_left.jpg,0.378736436367,0.600000023842
02_15_14_37_11_785_right.jpg,0.378736436367,0.600000023842
02_15_14_37_11_817_right.jpg,0.38397243619,0.600000023842
02_15_14_37_11_817_left.jpg,0.38397243619,0.600000023842
02_15_14_37_11_853_right.jpg,0.38397243619,0.600000023842
02_15_14_37_11_856_left.jpg,0.223402142525,0.600000023842
02_15_14_37_11_899_left.jpg,0.223402142525,0.600000023842
02_15_14_37_11_899_right.jpg,0.223402142525,0.600000023842
02_15_14_37_11_962_left.jpg,0.204203516245,0.600000023842
02_15_14_37_12_014_right.jpg,0.167551606894,0.600000023842
02_15_14_37_12_015_left.jpg,0.167551606894,0.600000023842
02_15_14_37_12_026_left.jpg,0.167551606894,0.600000023842
02_15_14_37_12_030_right.jpg,0.167551606894,0.600000023842
02_15_14_37_12_034_right.jpg,0.167551606894,0.600000023842
02_15_14_37_12_043_left.jpg,0.167551606894,0.600000023842
02_15_14_37_12_056_right.jpg,0.136135682464,0.600000023842
02_15_14_37_12_107_left.jpg,0.136135682464,0.600000023842
02_15_14_37_12_113_right.jpg,0.136135682464,0.600000023842
02_15_14_37_12_151_left.jpg,0.134390354156,0.600000023842
02_15_14_37_12_152_right.jpg,0.134390354156,0.600000023842
02_15_14_37_12_205_right.jpg,0.0837758034468,0.600000023842
02_15_14_37_12_214_left.jpg,0.129154369235,0.600000023842
02_15_14_37_12_248_left.jpg,0.129154369235,0.600000023842
02_15_14_37_12_253_right.jpg,0.144862323999,0.600000023842
02_15_14_37_12_312_right.jpg,0.144862323999,0.600000023842
02_15_14_37_12_312_left.jpg,0.144862323999,0.600000023842
02_15_14_37_12_353_left.jpg,0.144862323999,0.600000023842
02_15_14_37_12_368_right.jpg,0.144862323999,0.600000023842
02_15_14_37_12_401_left.jpg,0.11344639957,0.600000023842
02_15_14_37_12_405_right.jpg,0.11344639957,0.600000023842
02_15_14_37_12_457_left.jpg,0.143116995692,0.600000023842
02_15_14_37_12_462_right.jpg,0.143116995692,0.600000023842
02_15_14_37_12_522_right.jpg,0.153588980436,0.600000023842
02_15_14_37_12_523_left.jpg,0.153588980436,0.600000023842
02_15_14_37_12_588_left.jpg,0.155334308743,0.600000023842
02_15_14_37_12_601_right.jpg,0.155334308743,0.600000023842
02_15_14_37_12_672_left.jpg,0.171042263508,0.600000023842
02_15_14_37_12_676_right.jpg,0.171042263508,0.600000023842
02_15_14_37_12_748_left.jpg,0.164060950279,0.600000023842
02_15_14_37_12_762_right.jpg,0.164060950279,0.600000023842
02_15_14_37_12_780_right.jpg,0.183259576559,0.600000023842
02_15_14_37_12_781_left.jpg,0.183259576559,0.600000023842
02_15_14_37_12_822_right.jpg,0.183259576559,0.600000023842
02_15_14_37_12_821_left.jpg,0.183259576559,0.600000023842
02_15_14_37_12_862_left.jpg,0.160570293665,0.600000023842
02_15_14_37_12_862_right.jpg,0.160570293665,0.600000023842
02_15_14_37_12_910_left.jpg,0.164060950279,0.600000023842
02_15_14_37_12_910_right.jpg,0.164060950279,0.600000023842
02_15_14_37_12_997_left.jpg,0.202458187938,0.600000023842
02_15_14_37_13_002_right.jpg,0.202458187938,0.600000023842
02_15_14_37_13_031_left.jpg,0.188495561481,0.600000023842
02_15_14_37_13_038_right.jpg,0.188495561481,0.600000023842
02_15_14_37_13_075_left.jpg,0.171042263508,0.600000023842
02_15_14_37_13_081_right.jpg,0.171042263508,0.600000023842
02_15_14_37_13_122_left.jpg,0.183259576559,0.600000023842
02_15_14_37_13_124_right.jpg,0.183259576559,0.600000023842
02_15_14_37_13_155_left.jpg,0.183259576559,0.600000023842
02_15_14_37_13_162_right.jpg,0.183259576559,0.600000023842
02_15_14_37_13_261_left.jpg,0.120427720249,0.600000023842
02_15_14_37_13_261_right.jpg,0.120427720249,0.600000023842
02_15_14_37_13_275_left.jpg,0.120427720249,0.600000023842
02_15_14_37_13_283_right.jpg,0.120427720249,0.600000023842
02_15_14_37_13_311_right.jpg,0.130899697542,0.600000023842
02_15_14_37_13_312_left.jpg,0.130899697542,0.600000023842
02_15_14_37_13_367_left.jpg,0.134390354156,0.600000023842
02_15_14_37_13_370_right.jpg,0.134390354156,0.600000023842
02_15_14_37_13_397_right.jpg,0.120427720249,0.600000023842
02_15_14_37_13_398_left.jpg,0.120427720249,0.600000023842
02_15_14_37_13_464_right.jpg,0.144862323999,0.600000023842
02_15_14_37_13_470_left.jpg,0.144862323999,0.600000023842
02_15_14_37_13_490_left.jpg,0.144862323999,0.600000023842
02_15_14_37_13_495_right.jpg,0.137881010771,0.600000023842
02_15_14_37_13_529_left.jpg,0.137881010771,0.600000023842
02_15_14_37_13_537_right.jpg,0.137881010771,0.600000023842
02_15_14_37_13_582_left.jpg,0.141371667385,0.600000023842
02_15_14_37_13_596_right.jpg,0.141371667385,0.600000023842
02_15_14_37_13_608_left.jpg,0.141371667385,0.600000023842
02_15_14_37_13_615_right.jpg,0.179768919945,0.600000023842
02_15_14_37_13_691_left.jpg,0.198967531323,0.600000023842
02_15_14_37_13_694_right.jpg,0.198967531323,0.600000023842
02_15_14_37_13_739_left.jpg,0.0750491544604,0.600000023842
02_15_14_37_13_741_right.jpg,0.0750491544604,0.600000023842
02_15_14_37_13_770_left.jpg,0.0750491544604,0.600000023842
02_15_14_37_13_775_right.jpg,0.0750491544604,0.600000023842
02_15_14_37_13_797_left.jpg,0.0750491544604,0.600000023842
02_15_14_37_13_802_right.jpg,0.0750491544604,0.600000023842
02_15_14_37_13_830_left.jpg,0.123918376863,0.600000023842
02_15_14_37_13_841_right.jpg,0.123918376863,0.600000023842
02_15_14_37_13_931_left.jpg,0.0261799395084,0.600000023842
02_15_14_37_13_935_right.jpg,0.104719758034,0.600000023842
02_15_14_37_13_958_right.jpg,0.104719758034,0.600000023842
02_15_14_37_13_959_left.jpg,0.104719758034,0.600000023842
02_15_14_37_13_990_right.jpg,0.356047153473,0.600000023842
02_15_14_37_13_993_left.jpg,0.356047153473,0.600000023842
02_15_14_37_14_049_left.jpg,0.200712859631,0.600000023842
02_15_14_37_14_050_right.jpg,0.200712859631,0.600000023842
02_15_14_37_14_087_left.jpg,0.200712859631,0.600000023842
02_15_14_37_14_091_right.jpg,0.200712859631,0.600000023842
02_15_14_37_14_147_left.jpg,0.0471238903701,0.600000023842
02_15_14_37_14_150_right.jpg,0.0471238903701,0.600000023842
02_15_14_37_14_203_left.jpg,0.141371667385,0.600000023842
02_15_14_37_14_207_right.jpg,0.141371667385,0.600000023842
02_15_14_37_14_246_left.jpg,0.178023576736,0.600000023842
02_15_14_37_14_247_right.jpg,0.178023576736,0.600000023842
02_15_14_37_14_284_left.jpg,0.185004904866,0.600000023842
02_15_14_37_14_287_right.jpg,0.185004904866,0.600000023842
02_15_14_37_14_328_left.jpg,0.0226892810315,0.600000023842
02_15_14_37_14_329_right.jpg,0.0226892810315,0.600000023842
02_15_14_37_14_412_left.jpg,0.38397243619,0.600000023842
02_15_14_37_14_422_right.jpg,0.38397243619,0.600000023842
02_15_14_37_14_460_right.jpg,0.069813169539,0.600000023842
02_15_14_37_14_466_left.jpg,0.069813169539,0.600000023842
02_15_14_37_14_539_left.jpg,0.144862323999,0.600000023842
02_15_14_37_14_549_right.jpg,0.144862323999,0.600000023842
02_15_14_37_14_589_left.jpg,0.171042263508,0.600000023842
02_15_14_37_14_590_right.jpg,0.171042263508,0.600000023842
02_15_14_37_14_721_left.jpg,0.188495561481,0.600000023842
02_15_14_37_14_725_right.jpg,0.188495561481,0.600000023842
02_15_14_37_14_726_left.jpg,0.188495561481,0.600000023842
02_15_14_37_14_766_left.jpg,0.125663712621,0.600000023842
02_15_14_37_14_776_right.jpg,0.333357900381,0.600000023842
02_15_14_37_14_777_right.jpg,0.333357900381,0.600000023842
02_15_14_37_14_825_left.jpg,0.333357900381,0.600000023842
02_15_14_37_14_831_right.jpg,0.333357900381,0.600000023842
02_15_14_37_14_847_left.jpg,0.333357900381,0.600000023842
02_15_14_37_14_866_right.jpg,0.244346097112,0.600000023842
02_15_14_37_14_971_left.jpg,0.153588980436,0.600000023842
02_15_14_37_14_977_right.jpg,0.153588980436,0.600000023842
02_15_14_37_15_025_right.jpg,0.153588980436,0.600000023842
02_15_14_37_15_033_left.jpg,0.153588980436,0.600000023842
02_15_14_37_15_067_left.jpg,0.139626339078,0.600000023842
02_15_14_37_15_072_right.jpg,0.139626339078,0.600000023842
02_15_14_37_15_146_left.jpg,0.045378562063,0.600000023842
02_15_14_37_15_162_right.jpg,0.045378562063,0.600000023842
02_15_14_37_15_232_left.jpg,0.0279252678156,0.600000023842
02_15_14_37_15_239_right.jpg,0.0279252678156,0.600000023842
02_15_14_37_15_283_left.jpg,0.0383972451091,0.600000023842
02_15_14_37_15_291_right.jpg,0.0383972451091,0.600000023842
02_15_14_37_15_318_left.jpg,0.0157079640776,0.600000023842
02_15_14_37_15_337_right.jpg,0.0157079640776,0.600000023842
02_15_14_37_15_408_right.jpg,0.0383972451091,0.600000023842
02_15_14_37_15_409_left.jpg,0.0383972451091,0.600000023842
02_15_14_37_15_503_left.jpg,0.0488692186773,0.600000023842
02_15_14_37_15_523_right.jpg,0.0488692186773,0.600000023842
02_15_14_37_15_541_left.jpg,0.0436332300305,0.600000023842
02_15_14_37_15_558_right.jpg,0.0436332300305,0.600000023842
02_15_14_37_15_596_left.jpg,0.0523598790169,0.600000023842
02_15_14_37_15_600_right.jpg,0.0523598790169,0.600000023842
02_15_14_37_15_607_left.jpg,0.0523598790169,0.600000023842
02_15_14_37_15_612_right.jpg,0.0523598790169,0.600000023842
02_15_14_37_15_669_left.jpg,0.0366519130766,0.600000023842
02_15_14_37_15_674_right.jpg,0.0366519130766,0.600000023842
02_15_14_37_15_759_left.jpg,0.0436332300305,0.600000023842
02_15_14_37_15_761_right.jpg,0.0436332300305,0.600000023842
02_15_14_37_15_803_left.jpg,0.0279252678156,0.600000023842
02_15_14_37_15_806_right.jpg,0.0279252678156,0.600000023842
02_15_14_37_15_854_left.jpg,0.0261799395084,0.600000023842
02_15_14_37_15_860_right.jpg,0.0261799395084,0.600000023842
02_15_14_37_15_924_left.jpg,0.0261799395084,0.600000023842
02_15_14_37_15_937_right.jpg,0.0261799395084,0.600000023842
02_15_14_37_16_058_left.jpg,0.0174532923847,0.600000023842
02_15_14_37_16_063_right.jpg,0.0174532923847,0.600000023842
02_15_14_37_16_091_left.jpg,0.0174532923847,0.600000023842
02_15_14_37_16_095_right.jpg,0.0261799395084,0.600000023842
02_15_14_37_16_163_left.jpg,0.0261799395084,0.600000023842
02_15_14_37_16_167_right.jpg,0.0261799395084,0.600000023842
02_15_14_37_16_238_left.jpg,0.0157079640776,0.600000023842
02_15_14_37_16_253_right.jpg,0.0279252678156,0.600000023842
02_15_14_37_16_350_left.jpg,0.0279252678156,0.600000023842
02_15_14_37_16_367_right.jpg,0.0279252678156,0.600000023842
02_15_14_37_16_397_left.jpg,0.0279252678156,0.600000023842
02_15_14_37_16_400_right.jpg,0.0279252678156,0.600000023842
02_15_14_37_16_427_left.jpg,0.0296705979854,0.600000023842
02_15_14_37_16_436_right.jpg,0.0296705979854,0.600000023842
02_15_14_37_16_476_right.jpg,0.0244346093386,0.600000023842
02_15_14_37_16_479_left.jpg,0.0244346093386,0.600000023842
02_15_14_37_16_528_right.jpg,0.0244346093386,0.600000023842
02_15_14_37_16_531_left.jpg,0.101229093969,0.600000023842
02_15_14_37_16_616_left.jpg,0.101229093969,0.600000023842
02_15_14_37_16_620_right.jpg,0.101229093969,0.600000023842
02_15_14_37_16_655_left.jpg,0.205948844552,0.600000023842
02_15_14_37_16_671_right.jpg,0.205948844552,0.600000023842
02_15_14_37_16_738_left.jpg,0.172787591815,0.600000023842
02_15_14_37_16_742_right.jpg,0.172787591815,0.600000023842
02_15_14_37_16_786_left.jpg,0.462512254715,0.600000023842
02_15_14_37_16_804_right.jpg,0.462512254715,0.600000023842
02_15_14_37_16_904_right.jpg,0.399680405855,0.600000023842
02_15_14_37_16_911_left.jpg,0.399680405855,0.600000023842
02_15_14_37_16_936_left.jpg,0.399680405855,0.600000023842
02_15_14_37_16_948_right.jpg,0.399680405855,0.600000023842
02_15_14_37_16_990_right.jpg,0.312413930893,0.600000023842
02_15_14_37_16_991_left.jpg,0.312413930893,0.600000023842
02_15_14_37_17_025_right.jpg,0.291469991207,0.600000023842
02_15_14_37_17_038_left.jpg,0.291469991207,0.600000023842
02_15_14_37_17_074_left.jpg,0.280998021364,0.600000023842
02_15_14_37_17_074_right.jpg,0.280998021364,0.600000023842
02_15_14_37_17_129_left.jpg,0.286233991385,0.600000023842
02_15_14_37_17_147_right.jpg,0.286233991385,0.600000023842
02_15_14_37_17_163_left.jpg,0.286233991385,0.600000023842
02_15_14_37_17_164_right.jpg,0.286233991385,0.600000023842
02_15_14_37_17_217_left.jpg,0.298451304436,0.600000023842
02_15_14_37_17_219_right.jpg,0.298451304436,0.600000023842
02_15_14_37_17_241_left.jpg,0.298451304436,0.600000023842
02_15_14_37_17_273_right.jpg,0.251327425241,0.600000023842
02_15_14_37_17_319_left.jpg,0.242600768805,0.600000023842
02_15_14_37_17_320_right.jpg,0.242600768805,0.600000023842
02_15_14_37_17_372_left.jpg,0.228638127446,0.600000023842
02_15_14_37_17_393_right.jpg,0.228638127446,0.600000023842
02_15_14_37_17_422_right.jpg,0.254818081856,0.600000023842
02_15_14_37_17_425_left.jpg,0.254818081856,0.600000023842
02_15_14_37_17_457_left.jpg,0.254818081856,0.600000023842
02_15_14_37_17_463_right.jpg,0.141371667385,0.600000023842
02_15_14_37_17_495_left.jpg,0.178023576736,0.600000023842
02_15_14_37_17_502_right.jpg,0.178023576736,0.600000023842
02_15_14_37_17_527_right.jpg,0.178023576736,0.600000023842
02_15_14_37_17_533_left.jpg,0.186750233173,0.600000023842
02_15_14_37_17_592_left.jpg,0.155334308743,0.600000023842
02_15_14_37_17_595_right.jpg,0.155334308743,0.600000023842
02_15_14_37_17_623_left.jpg,0.0994837656617,0.600000023842
02_15_14_37_17_629_right.jpg,0.0994837656617,0.600000023842
02_15_14_37_17_658_left.jpg,0.0994837656617,0.600000023842
02_15_14_37_17_662_right.jpg,0.11344639957,0.600000023842
02_15_14_37_17_701_left.jpg,0.109955742955,0.600000023842
02_15_14_37_17_700_right.jpg,0.109955742955,0.600000023842
02_15_14_37_17_745_left.jpg,0.0890117883682,0.600000023842
02_15_14_37_17_747_right.jpg,0.0890117883682,0.600000023842
02_15_14_37_17_800_right.jpg,0.0802851468325,0.600000023842
02_15_14_37_17_802_left.jpg,0.0802851468325,0.600000023842
02_15_14_37_17_843_left.jpg,0.0802851468325,0.600000023842
02_15_14_37_17_856_right.jpg,0.0802851468325,0.600000023842
02_15_14_37_17_880_left.jpg,0.0575958639383,0.600000023842
02_15_14_37_17_885_right.jpg,0.0575958639383,0.600000023842
02_15_14_37_17_921_right.jpg,0.0523598790169,0.600000023842
02_15_14_37_17_937_left.jpg,0.0436332300305,0.600000023842
02_15_14_37_17_951_left.jpg,0.0436332300305,0.600000023842
02_15_14_37_17_953_right.jpg,0.0436332300305,0.600000023842
02_15_14_37_18_034_left.jpg,0.00349065847695,0.600000023842
02_15_14_37_18_038_right.jpg,0.00349065847695,0.600000023842
02_15_14_37_18_066_left.jpg,0.0209439508617,0.600000023842
02_15_14_37_18_067_right.jpg,0.0209439508617,0.600000023842
02_15_14_37_18_104_left.jpg,-0.0383972451091,0.600000023842
02_15_14_37_18_108_right.jpg,-0.0383972451091,0.600000023842
02_15_14_37_18_144_left.jpg,-0.0471238903701,0.600000023842
02_15_14_37_18_145_right.jpg,-0.0471238903701,0.600000023842
02_15_14_37_18_166_left.jpg,-0.0471238903701,0.600000023842
02_15_14_37_18_175_right.jpg,-0.0296705979854,0.600000023842
02_15_14_37_18_257_right.jpg,-0.0837758034468,0.600000023842
02_15_14_37_18_257_left.jpg,-0.0837758034468,0.600000023842
02_15_14_37_18_297_left.jpg,-0.0837758034468,0.600000023842
02_15_14_37_18_302_right.jpg,-0.0837758034468,0.600000023842
02_15_14_37_18_359_left.jpg,-0.0837758034468,0.600000023842
02_15_14_37_18_361_right.jpg,-0.0837758034468,0.600000023842
02_15_14_37_18_376_left.jpg,-0.0715584978461,0.600000023842
02_15_14_37_18_381_right.jpg,-0.0715584978461,0.600000023842
02_15_14_37_18_505_left.jpg,-0.0942477807403,0.600000023842
02_15_14_37_18_508_right.jpg,-0.0942477807403,0.600000023842
02_15_14_37_18_576_left.jpg,-0.40840703249,0.600000023842
02_15_14_37_18_579_right.jpg,-0.40840703249,0.600000023842
02_15_14_37_18_661_left.jpg,-0.179768919945,0.600000023842
02_15_14_37_18_669_right.jpg,-0.179768919945,0.600000023842
02_15_14_37_18_703_right.jpg,-0.198967531323,0.600000023842
02_15_14_37_18_703_left.jpg,-0.198967531323,0.600000023842
02_15_14_37_18_734_left.jpg,-0.214675500989,0.600000023842
02_15_14_37_18_745_right.jpg,-0.214675500989,0.600000023842
02_15_14_37_18_861_left.jpg,-0.181514248252,0.600000023842
02_15_14_37_18_866_right.jpg,-0.181514248252,0.600000023842
02_15_14_37_18_911_right.jpg,-0.0610865242779,0.600000023842
02_15_14_37_18_913_left.jpg,-0.0610865242779,0.600000023842
02_15_14_37_18_958_right.jpg,-0.101229093969,0.600000023842
02_15_14_37_18_960_left.jpg,-0.101229093969,0.600000023842
02_15_14_37_18_996_left.jpg,-0.111701071262,0.600000023842
02_15_14_37_19_003_right.jpg,-0.111701071262,0.600000023842
02_15_14_37_19_085_left.jpg,-0.0418879017234,0.600000023842
02_15_14_37_19_098_right.jpg,-0.0418879017234,0.600000023842
02_15_14_37_19_140_left.jpg,0.00174532923847,0.600000023842
02_15_14_37_19_145_right.jpg,0.00174532923847,0.600000023842
02_15_14_37_19_176_left.jpg,-0.0383972451091,0.600000023842
02_15_14_37_19_178_right.jpg,-0.0383972451091,0.600000023842
02_15_14_37_19_213_left.jpg,-0.0209439508617,0.600000023842
02_15_14_37_19_226_right.jpg,-0.0209439508617,0.600000023842
02_15_14_37_19_247_left.jpg,-0.0209439508617,0.600000023842
02_15_14_37_19_258_right.jpg,-0.0209439508617,0.600000023842
02_15_14_37_19_357_right.jpg,-0.0314159281552,0.600000023842
02_15_14_37_19_357_left.jpg,-0.0314159281552,0.600000023842
02_15_14_37_19_414_right.jpg,0.0191986225545,0.600000023842
02_15_14_37_19_415_left.jpg,0.0191986225545,0.600000023842
02_15_14_37_19_461_left.jpg,0.0069813169539,0.600000023842
02_15_14_37_19_497_left.jpg,0.0069813169539,0.600000023842
02_15_14_37_19_499_right.jpg,0.0069813169539,0.600000023842
02_15_14_37_19_513_right.jpg,0.0069813169539,0.600000023842
02_15_14_37_19_538_left.jpg,0.0139626339078,0.600000023842
02_15_14_37_19_545_right.jpg,0.0139626339078,0.600000023842
02_15_14_37_19_626_left.jpg,0.0191986225545,0.600000023842
02_15_14_37_19_631_right.jpg,0.0191986225545,0.600000023842
02_15_14_37_19_702_left.jpg,0.0558505356312,0.600000023842
02_15_14_37_19_703_right.jpg,0.0558505356312,0.600000023842
02_15_14_37_19_748_left.jpg,0.0872664600611,0.600000023842
02_15_14_37_19_754_right.jpg,0.0872664600611,0.600000023842
02_15_14_37_19_802_left.jpg,0.0610865242779,0.600000023842
02_15_14_37_19_805_right.jpg,0.0610865242779,0.600000023842
02_15_14_37_19_878_left.jpg,0.150098308921,0.600000023842
02_15_14_37_19_883_right.jpg,0.150098308921,0.600000023842
02_15_14_37_19_909_left.jpg,0.204203516245,0.600000023842
02_15_14_37_19_912_right.jpg,0.204203516245,0.600000023842
02_15_14_37_19_949_right.jpg,0.129154369235,0.600000023842
02_15_14_37_19_952_left.jpg,0.129154369235,0.600000023842
02_15_14_37_19_983_left.jpg,0.198967531323,0.600000023842
02_15_14_37_19_993_right.jpg,0.198967531323,0.600000023842
02_15_14_37_20_024_left.jpg,0.165806278586,0.600000023842
02_15_14_37_20_029_right.jpg,0.165806278586,0.600000023842
02_15_14_37_20_092_left.jpg,0.155334308743,0.600000023842
02_15_14_37_20_098_right.jpg,0.155334308743,0.600000023842
02_15_14_37_20_127_left.jpg,0.155334308743,0.600000023842
02_15_14_37_20_130_right.jpg,0.155334308743,0.600000023842
02_15_14_37_20_184_left.jpg,0.164060950279,0.600000023842
02_15_14_37_20_190_right.jpg,0.164060950279,0.600000023842
02_15_14_37_20_227_left.jpg,0.558505356312,0.600000023842
02_15_14_37_20_234_right.jpg,0.558505356312,0.600000023842
02_15_14_37_20_273_left.jpg,0.193731546402,0.600000023842
02_15_14_37_20_281_right.jpg,0.193731546402,0.600000023842
02_15_14_37_20_331_left.jpg,0.244346097112,0.600000023842
02_15_14_37_20_335_right.jpg,0.244346097112,0.600000023842
02_15_14_37_20_382_right.jpg,0.322885900736,0.600000023842
02_15_14_37_20_384_left.jpg,0.322885900736,0.600000023842
02_15_14_37_20_409_left.jpg,0.265290051699,0.600000023842
02_15_14_37_20_420_right.jpg,0.265290051699,0.600000023842
02_15_14_37_20_437_left.jpg,0.265290051699,0.600000023842
02_15_14_37_20_452_right.jpg,0.265290051699,0.600000023842
02_15_14_37_20_479_left.jpg,0.265290051699,0.600000023842
02_15_14_37_20_480_right.jpg,0.265290051699,0.600000023842
02_15_14_37_20_533_left.jpg,0.254818081856,0.600000023842
02_15_14_37_20_534_right.jpg,0.254818081856,0.600000023842
02_15_14_37_20_570_right.jpg,0.254818081856,0.600000023842
02_15_14_37_20_573_left.jpg,0.329867213964,0.600000023842
02_15_14_37_20_604_left.jpg,0.329867213964,0.600000023842
02_15_14_37_20_605_right.jpg,0.329867213964,0.600000023842
02_15_14_37_20_641_right.jpg,0.254818081856,0.600000023842
02_15_14_37_20_644_left.jpg,0.254818081856,0.600000023842
02_15_14_37_20_669_left.jpg,0.240855440497,0.600000023842
02_15_14_37_20_673_right.jpg,0.240855440497,0.600000023842
02_15_14_37_20_741_left.jpg,0.120427720249,0.600000023842
02_15_14_37_20_744_right.jpg,0.120427720249,0.600000023842
02_15_14_37_20_777_right.jpg,0.272271364927,0.600000023842
02_15_14_37_20_780_left.jpg,0.272271364927,0.600000023842
02_15_14_37_20_819_left.jpg,0.286233991385,0.600000023842
02_15_14_37_20_830_right.jpg,0.286233991385,0.600000023842
02_15_14_37_20_836_right.jpg,0.286233991385,0.600000023842
02_15_14_37_20_836_left.jpg,0.286233991385,0.600000023842
02_15_14_37_20_872_right.jpg,0.136135682464,0.600000023842
02_15_14_37_20_874_left.jpg,0.136135682464,0.600000023842
02_15_14_37_20_939_left.jpg,0.204203516245,0.600000023842
02_15_14_37_20_940_right.jpg,0.204203516245,0.600000023842
02_15_14_37_20_985_right.jpg,0.20769418776,0.600000023842
02_15_14_37_20_982_left.jpg,0.20769418776,0.600000023842
02_15_14_37_21_012_left.jpg,0.20769418776,0.600000023842
02_15_14_37_21_021_right.jpg,0.162315621972,0.600000023842
02_15_14_37_21_064_left.jpg,0.162315621972,0.600000023842
02_15_14_37_21_069_right.jpg,0.162315621972,0.600000023842
02_15_14_37_21_103_right.jpg,0.157079637051,0.600000023842
02_15_14_37_21_106_left.jpg,0.157079637051,0.600000023842
02_15_14_37_21_164_left.jpg,0.127409040928,0.600000023842
02_15_14_37_21_164_right.jpg,0.127409040928,0.600000023842
02_15_14_37_21_197_right.jpg,0.127409040928,0.600000023842
02_15_14_37_21_197_left.jpg,0.127409040928,0.600000023842
02_15_14_37_21_234_right.jpg,0.116937056184,0.600000023842
02_15_14_37_21_236_left.jpg,0.116937056184,0.600000023842
02_15_14_37_21_265_left.jpg,0.123918376863,0.600000023842
02_15_14_37_21_272_right.jpg,0.123918376863,0.600000023842
02_15_14_37_21_299_left.jpg,0.118682391942,0.600000023842
02_15_14_37_21_303_right.jpg,0.118682391942,0.600000023842
02_15_14_37_21_367_right.jpg,0.11344639957,0.600000023842
02_15_14_37_21_368_left.jpg,0.11344639957,0.600000023842
02_15_14_37_21_396_left.jpg,0.11344639957,0.600000023842
02_15_14_37_21_398_right.jpg,0.11344639957,0.600000023842
02_15_14_37_21_432_left.jpg,0.108210414648,0.600000023842
02_15_14_37_21_435_right.jpg,0.108210414648,0.600000023842
02_15_14_37_21_464_left.jpg,0.101229093969,0.600000023842
02_15_14_37_21_465_right.jpg,0.101229093969,0.600000023842
02_15_14_37_21_508_left.jpg,0.102974422276,0.600000023842
02_15_14_37_21_511_right.jpg,0.102974422276,0.600000023842
02_15_14_37_21_571_left.jpg,0.102974422276,0.600000023842
02_15_14_37_21_595_right.jpg,0.101229093969,0.600000023842
02_15_14_37_21_617_right.jpg,0.376991122961,0.600000023842
02_15_14_37_21_618_left.jpg,0.376991122961,0.600000023842
02_15_14_37_21_643_left.jpg,0.376991122961,0.600000023842
02_15_14_37_21_651_right.jpg,0.376991122961,0.600000023842
02_15_14_37_21_692_left.jpg,0.190240889788,0.600000023842
02_15_14_37_21_695_right.jpg,0.190240889788,0.600000023842
02_15_14_37_21_725_left.jpg,0.172787591815,0.600000023842
02_15_14_37_21_725_right.jpg,0.172787591815,0.600000023842
02_15_14_37_21_794_left.jpg,0.176278248429,0.600000023842
02_15_14_37_21_799_right.jpg,0.176278248429,0.600000023842
02_15_14_37_21_832_left.jpg,0.158824965358,0.600000023842
02_15_14_37_21_854_right.jpg,0.445058971643,0.600000023842
02_15_14_37_21_875_left.jpg,0.445058971643,0.600000023842
02_15_14_37_21_877_right.jpg,0.445058971643,0.600000023842
02_15_14_37_21_914_left.jpg,0.284488677979,0.600000023842
02_15_14_37_21_918_right.jpg,0.284488677979,0.600000023842
02_15_14_37_21_958_right.jpg,0.563741326332,0.600000023842
02_15_14_37_21_959_left.jpg,0.563741326332,0.600000023842
02_15_14_37_22_036_right.jpg,0.431096315384,0.600000023842
02_15_14_37_22_037_left.jpg,0.431096315384,0.600000023842
02_15_14_37_22_073_left.jpg,0.279252678156,0.600000023842
02_15_14_37_22_086_right.jpg,0.279252678156,0.600000023842
02_15_14_37_22_108_left.jpg,0.315904587507,0.600000023842
02_15_14_37_22_115_right.jpg,0.315904587507,0.600000023842
02_15_14_37_22_154_left.jpg,0.34033921361,0.600000023842
02_15_14_37_22_155_right.jpg,0.34033921361,0.600000023842
02_15_14_37_22_179_left.jpg,0.343829870224,0.600000023842
02_15_14_37_22_179_right.jpg,0.343829870224,0.600000023842
02_15_14_37_22_231_left.jpg,0.343829870224,0.600000023842
02_15_14_37_22_235_right.jpg,0.343829870224,0.600000023842
02_15_14_37_22_279_left.jpg,0.764454185963,0.600000023842
02_15_14_37_22_283_right.jpg,0.764454185963,0.600000023842
02_15_14_37_22_338_left.jpg,0.335103213787,0.600000023842
02_15_14_37_22_341_right.jpg,0.335103213787,0.600000023842
02_15_14_37_22_358_left.jpg,0.335103213787,0.600000023842
02_15_14_37_22_362_right.jpg,0.335103213787,0.600000023842
02_15_14_37_22_402_left.jpg,0.490437507629,0.600000023842
02_15_14_37_22_407_right.jpg,0.490437507629,0.600000023842
02_15_14_37_22_470_right.jpg,0.453785598278,0.600000023842
02_15_14_37_22_473_left.jpg,0.453785598278,0.600000023842
02_15_14_37_22_501_left.jpg,0.420624345541,0.600000023842
02_15_14_37_22_508_right.jpg,0.420624345541,0.600000023842
02_15_14_37_22_547_left.jpg,0.455530941486,0.600000023842
02_15_14_37_22_554_right.jpg,0.455530941486,0.600000023842
02_15_14_37_22_589_left.jpg,0.453785598278,0.600000023842
02_15_14_37_22_590_right.jpg,0.453785598278,0.600000023842
02_15_14_37_22_629_left.jpg,0.450294941664,0.600000023842
02_15_14_37_22_634_right.jpg,0.450294941664,0.600000023842
02_15_14_37_22_700_right.jpg,0.460766911507,0.600000023842
02_15_14_37_22_701_left.jpg,0.460766911507,0.600000023842
02_15_14_37_22_730_left.jpg,0.460766911507,0.600000023842
02_15_14_37_22_734_right.jpg,0.453785598278,0.600000023842
02_15_14_37_22_787_left.jpg,0.453785598278,0.600000023842
02_15_14_37_22_795_right.jpg,0.453785598278,0.600000023842
02_15_14_37_22_815_left.jpg,0.453785598278,0.600000023842
02_15_14_37_22_819_right.jpg,0.453785598278,0.600000023842
02_15_14_37_22_857_left.jpg,0.448549628258,0.600000023842
02_15_14_37_22_862_right.jpg,0.448549628258,0.600000023842
02_15_14_37_22_938_right.jpg,0.431096315384,0.600000023842
02_15_14_37_22_943_left.jpg,0.431096315384,0.600000023842
02_15_14_37_22_964_left.jpg,0.431096315384,0.600000023842
02_15_14_37_22_967_right.jpg,0.431096315384,0.600000023842
02_15_14_37_22_998_left.jpg,0.418879032135,0.600000023842
02_15_14_37_23_008_right.jpg,0.418879032135,0.600000023842
02_15_14_37_23_041_left.jpg,0.370009809732,0.600000023842
02_15_14_37_23_048_right.jpg,0.370009809732,0.600000023842
02_15_14_37_23_068_left.jpg,0.382227092981,0.600000023842
02_15_14_37_23_070_right.jpg,0.382227092981,0.600000023842
02_15_14_37_23_129_left.jpg,0.363028496504,0.600000023842
02_15_14_37_23_139_right.jpg,0.324631243944,0.600000023842
02_15_14_37_23_184_left.jpg,0.324631243944,0.600000023842
02_15_14_37_23_184_right.jpg,0.324631243944,0.600000023842
02_15_14_37_23_216_right.jpg,0.315904587507,0.600000023842
02_15_14_37_23_219_left.jpg,0.315904587507,0.600000023842
02_15_14_37_23_259_right.jpg,0.315904587507,0.600000023842
02_15_14_37_23_259_left.jpg,0.315904587507,0.600000023842
02_15_14_37_23_293_right.jpg,0.315904587507,0.600000023842
02_15_14_37_23_293_left.jpg,0.315904587507,0.600000023842
02_15_14_37_23_372_right.jpg,0.291469991207,0.600000023842
02_15_14_37_23_379_left.jpg,0.200712859631,0.600000023842
02_15_14_37_23_402_left.jpg,0.200712859631,0.600000023842
02_15_14_37_23_402_right.jpg,0.200712859631,0.600000023842
02_15_14_37_23_453_left.jpg,0.235619455576,0.600000023842
02_15_14_37_23_465_right.jpg,0.235619455576,0.600000023842
02_15_14_37_23_499_left.jpg,0.179768919945,0.600000023842
02_15_14_37_23_502_right.jpg,0.179768919945,0.600000023842
02_15_14_37_23_563_left.jpg,0.198967531323,0.600000023842
02_15_14_37_23_570_right.jpg,0.198967531323,0.600000023842
02_15_14_37_23_643_left.jpg,0.186750233173,0.600000023842
02_15_14_37_23_645_right.jpg,0.186750233173,0.600000023842
02_15_14_37_23_668_left.jpg,0.122173048556,0.600000023842
02_15_14_37_23_674_right.jpg,0.122173048556,0.600000023842
02_15_14_37_23_710_left.jpg,0.160570293665,0.600000023842
02_15_14_37_23_772_left.jpg,0.148352980614,0.600000023842
02_15_14_37_23_772_right.jpg,0.144862323999,0.600000023842
02_15_14_37_23_793_right.jpg,0.144862323999,0.600000023842
02_15_14_37_23_799_left.jpg,0.144862323999,0.600000023842
02_15_14_37_23_804_right.jpg,0.144862323999,0.600000023842
02_15_14_37_23_909_left.jpg,0.132645025849,0.600000023842
02_15_14_37_23_918_right.jpg,0.132645025849,0.600000023842
02_15_14_37_23_999_left.jpg,0.0610865242779,0.600000023842
02_15_14_37_24_005_right.jpg,0.0610865242779,0.600000023842
02_15_14_37_24_064_right.jpg,0.0785398185253,0.600000023842
02_15_14_37_24_060_left.jpg,0.0785398185253,0.600000023842
02_15_14_37_24_119_left.jpg,0.054105207324,0.600000023842
02_15_14_37_24_126_right.jpg,0.054105207324,0.600000023842
02_15_14_37_24_232_right.jpg,0.0628318563104,0.600000023842
02_15_14_37_24_232_left.jpg,0.0628318563104,0.600000023842
02_15_14_37_24_292_right.jpg,0.0628318563104,0.600000023842
02_15_14_37_24_294_left.jpg,0.0331612564623,0.600000023842
02_15_14_37_24_351_left.jpg,0.0593411959708,0.600000023842
02_15_14_37_24_359_right.jpg,0.0593411959708,0.600000023842
02_15_14_37_24_429_left.jpg,0.0314159281552,0.600000023842
02_15_14_37_24_439_right.jpg,0.0314159281552,0.600000023842
02_15_14_37_24_512_left.jpg,0.0261799395084,0.600000023842
02_15_14_37_24_517_right.jpg,0.0261799395084,0.600000023842
02_15_14_37_24_554_left.jpg,0.0122173046693,0.600000023842
02_15_14_37_24_559_right.jpg,0.0122173046693,0.600000023842
02_15_14_37_24_580_right.jpg,0.0122173046693,0.600000023842
02_15_14_37_24_585_left.jpg,0.0122173046693,0.600000023842
02_15_14_37_24_616_right.jpg,0.0244346093386,0.600000023842
02_15_14_37_24_616_left.jpg,0.0244346093386,0.600000023842
02_15_14_37_24_652_left.jpg,0.0139626339078,0.600000023842
02_15_14_37_24_655_right.jpg,0.0139626339078,0.600000023842
02_15_14_37_24_717_right.jpg,0.0139626339078,0.600000023842
02_15_14_37_24_725_left.jpg,0.0139626339078,0.600000023842
02_15_14_37_24_759_left.jpg,0.0,0.600000023842
02_15_14_37_24_759_right.jpg,0.0,0.600000023842
02_15_14_37_24_790_left.jpg,0.0139626339078,0.600000023842
02_15_14_37_24_808_right.jpg,0.0139626339078,0.600000023842
02_15_14_37_24_835_right.jpg,0.0139626339078,0.600000023842
02_15_14_37_24_847_left.jpg,0.0139626339078,0.600000023842
02_15_14_37_24_904_right.jpg,0.00174532923847,0.600000023842
02_15_14_37_24_905_left.jpg,0.00174532923847,0.600000023842
02_15_14_37_25_005_right.jpg,0.00349065847695,0.600000023842
02_15_14_37_25_009_left.jpg,0.00349065847695,0.600000023842
02_15_14_37_25_052_right.jpg,0.00349065847695,0.600000023842
02_15_14_37_25_055_left.jpg,-0.0296705979854,0.600000023842
02_15_14_37_25_097_left.jpg,-0.0244346093386,0.600000023842
02_15_14_37_25_131_right.jpg,-0.0244346093386,0.600000023842
02_15_14_37_25_133_left.jpg,-0.0244346093386,0.600000023842
02_15_14_37_25_141_right.jpg,-0.0244346093386,0.600000023842
02_15_14_37_25_192_left.jpg,-0.0191986225545,0.600000023842
02_15_14_37_25_204_right.jpg,-0.0191986225545,0.600000023842
02_15_14_37_25_294_right.jpg,-0.0331612564623,0.600000023842
02_15_14_37_25_299_left.jpg,-0.0331612564623,0.600000023842
02_15_14_37_25_370_left.jpg,-0.0331612564623,0.600000023842
02_15_14_37_25_372_right.jpg,-0.0331612564623,0.600000023842
02_15_14_37_25_413_left.jpg,-0.0331612564623,0.600000023842
02_15_14_37_25_422_right.jpg,-0.0331612564623,0.600000023842
02_15_14_37_25_453_left.jpg,-0.0331612564623,0.600000023842
02_15_14_37_25_474_right.jpg,-0.0226892810315,0.600000023842
02_15_14_37_25_570_left.jpg,-0.0226892810315,0.600000023842
02_15_14_37_25_574_right.jpg,-0.0226892810315,0.600000023842
02_15_14_37_25_622_right.jpg,-0.0226892810315,0.600000023842
02_15_14_37_25_626_left.jpg,-0.0226892810315,0.600000023842
02_15_14_37_25_662_left.jpg,-0.0226892810315,0.600000023842
02_15_14_37_25_668_right.jpg,-0.0226892810315,0.600000023842
02_15_14_37_25_712_right.jpg,-0.0226892810315,0.600000023842
02_15_14_37_25_712_left.jpg,-0.0226892810315,0.600000023842
02_15_14_37_25_728_left.jpg,-0.0226892810315,0.600000023842
02_15_14_37_25_737_right.jpg,-0.0279252678156,0.600000023842
02_15_14_37_25_831_left.jpg,-0.0244346093386,0.600000023842
02_15_14_37_25_836_right.jpg,-0.0244346093386,0.600000023842
02_15_14_37_25_866_left.jpg,-0.0244346093386,0.600000023842
02_15_14_37_25_905_right.jpg,-0.0296705979854,0.600000023842
02_15_14_37_25_936_right.jpg,-0.0314159281552,0.600000023842
02_15_14_37_25_942_left.jpg,-0.0314159281552,0.600000023842
02_15_14_37_25_949_left.jpg,-0.0314159281552,0.600000023842
02_15_14_37_25_958_right.jpg,-0.0314159281552,0.600000023842
02_15_14_37_25_962_left.jpg,-0.0314159281552,0.600000023842
02_15_14_37_25_968_right.jpg,-0.0314159281552,0.600000023842
02_15_14_37_26_068_left.jpg,-0.0279252678156,0.600000023842
02_15_14_37_26_074_right.jpg,-0.0279252678156,0.600000023842
02_15_14_37_26_112_left.jpg,-0.0226892810315,0.600000023842
02_15_14_37_26_120_right.jpg,-0.0226892810315,0.600000023842
02_15_14_37_26_159_right.jpg,-0.0314159281552,0.600000023842
02_15_14_37_26_160_left.jpg,-0.0314159281552,0.600000023842
02_15_14_37_26_204_left.jpg,-0.0279252678156,0.600000023842
02_15_14_37_26_204_right.jpg,-0.0279252678156,0.600000023842
02_15_14_37_26_273_left.jpg,-0.0383972451091,0.600000023842
02_15_14_37_26_277_right.jpg,-0.0383972451091,0.600000023842
02_15_14_37_26_308_left.jpg,-0.0366519130766,0.600000023842
02_15_14_37_26_308_right.jpg,-0.0366519130766,0.600000023842
02_15_14_37_26_344_right.jpg,-0.0331612564623,0.600000023842
02_15_14_37_26_346_left.jpg,-0.0331612564623,0.600000023842
02_15_14_37_26_387_left.jpg,-0.0383972451091,0.600000023842
02_15_14_37_26_387_right.jpg,-0.0383972451091,0.600000023842
02_15_14_37_26_419_right.jpg,-0.0349065847695,0.600000023842
02_15_14_37_26_419_left.jpg,-0.0349065847695,0.600000023842
02_15_14_37_26_481_right.jpg,-0.0401425734162,0.600000023842
02_15_14_37_26_486_left.jpg,-0.0401425734162,0.600000023842
02_15_14_37_26_512_left.jpg,-0.0401425734162,0.600000023842
02_15_14_37_26_513_right.jpg,-0.0401425734162,0.600000023842
02_15_14_37_26_544_right.jpg,-0.0436332300305,0.600000023842
02_15_14_37_26_547_left.jpg,-0.0436332300305,0.600000023842
02_15_14_37_26_593_right.jpg,-0.045378562063,0.600000023842
02_15_14_37_26_596_left.jpg,-0.045378562063,0.600000023842
02_15_14_37_26_628_right.jpg,-0.0471238903701,0.600000023842
02_15_14_37_26_628_left.jpg,-0.0471238903701,0.600000023842
02_15_14_37_26_679_left.jpg,-0.0436332300305,0.600000023842
02_15_14_37_26_679_right.jpg,-0.0436332300305,0.600000023842
02_15_14_37_26_719_left.jpg,-0.0436332300305,0.600000023842
02_15_14_37_26_719_right.jpg,-0.0436332300305,0.600000023842
02_15_14_37_26_743_right.jpg,-0.054105207324,0.600000023842
02_15_14_37_26_750_left.jpg,-0.054105207324,0.600000023842
02_15_14_37_26_786_left.jpg,-0.0523598790169,0.600000023842
02_15_14_37_26_787_right.jpg,-0.0523598790169,0.600000023842
02_15_14_37_26_817_right.jpg,-0.0488692186773,0.600000023842
02_15_14_37_26_826_left.jpg,-0.0488692186773,0.600000023842
02_15_14_37_26_885_left.jpg,-0.0488692186773,0.600000023842
02_15_14_37_26_891_right.jpg,-0.0488692186773,0.600000023842
02_15_14_37_26_908_right.jpg,-0.054105207324,0.600000023842
02_15_14_37_26_913_left.jpg,-0.054105207324,0.600000023842
02_15_14_37_26_942_left.jpg,-0.0506145469844,0.600000023842
02_15_14_37_26_944_right.jpg,-0.0506145469844,0.600000023842
02_15_14_37_26_983_left.jpg,-0.0558505356312,0.600000023842
02_15_14_37_26_992_right.jpg,-0.0558505356312,0.600000023842
02_15_14_37_27_017_left.jpg,-0.0558505356312,0.600000023842
02_15_14_37_27_029_right.jpg,-0.0523598790169,0.600000023842
02_15_14_37_27_072_left.jpg,-0.0471238903701,0.600000023842
02_15_14_37_27_078_right.jpg,-0.0471238903701,0.600000023842
02_15_14_37_27_115_left.jpg,-0.045378562063,0.600000023842
02_15_14_37_27_116_right.jpg,-0.045378562063,0.600000023842
02_15_14_37_27_159_left.jpg,-0.0645771846175,0.600000023842
02_15_14_37_27_160_right.jpg,-0.0645771846175,0.600000023842
02_15_14_37_27_196_right.jpg,-0.0645771846175,0.600000023842
02_15_14_37_27_197_left.jpg,-0.0645771846175,0.600000023842
02_15_14_37_27_240_left.jpg,-0.0610865242779,0.600000023842
02_15_14_37_27_242_right.jpg,-0.0610865242779,0.600000023842
02_15_14_37_27_313_left.jpg,0.0209439508617,0.600000023842
02_15_14_37_27_320_right.jpg,0.0209439508617,0.600000023842
02_15_14_37_27_348_left.jpg,-0.0314159281552,0.600000023842
02_15_14_37_27_348_right.jpg,-0.0314159281552,0.600000023842
02_15_14_37_27_389_left.jpg,-0.0314159281552,0.600000023842
02_15_14_37_27_389_right.jpg,-0.0314159281552,0.600000023842
02_15_14_37_27_414_left.jpg,-0.0314159281552,0.600000023842
02_15_14_37_27_419_right.jpg,-0.0314159281552,0.600000023842
02_15_14_37_27_449_left.jpg,-0.0314159281552,0.600000023842
02_15_14_37_27_451_right.jpg,-0.0314159281552,0.600000023842
02_15_14_37_27_518_right.jpg,0.0506145469844,0.600000023842
02_15_14_37_27_522_left.jpg,0.0506145469844,0.600000023842
02_15_14_37_27_584_right.jpg,0.102974422276,0.600000023842
02_15_14_37_27_587_left.jpg,0.102974422276,0.600000023842
02_15_14_37_27_627_left.jpg,0.143116995692,0.600000023842
02_15_14_37_27_638_right.jpg,0.143116995692,0.600000023842
02_15_14_37_27_667_left.jpg,0.143116995692,0.600000023842
02_15_14_37_27_667_right.jpg,0.143116995692,0.600000023842
02_15_14_37_27_742_left.jpg,0.153588980436,0.600000023842
02_15_14_37_27_745_right.jpg,0.153588980436,0.600000023842
02_15_14_37_27_770_right.jpg,0.153588980436,0.600000023842
02_15_14_37_27_773_left.jpg,0.153588980436,0.600000023842
02_15_14_37_27_802_right.jpg,0.160570293665,0.600000023842
02_15_14_37_27_805_left.jpg,0.160570293665,0.600000023842
02_15_14_37_27_837_left.jpg,0.160570293665,0.600000023842
02_15_14_37_27_844_right.jpg,0.160570293665,0.600000023842
02_15_14_37_27_885_left.jpg,0.172787591815,0.600000023842
02_15_14_37_27_891_right.jpg,0.172787591815,0.600000023842
02_15_14_37_27_949_right.jpg,0.125663712621,0.600000023842
02_15_14_37_27_950_left.jpg,0.125663712621,0.600000023842
02_15_14_37_27_973_right.jpg,0.125663712621,0.600000023842
02_15_14_37_27_975_left.jpg,0.167551606894,0.600000023842
02_15_14_37_28_008_left.jpg,0.167551606894,0.600000023842
02_15_14_37_28_008_right.jpg,0.167551606894,0.600000023842
02_15_14_37_28_053_right.jpg,0.212930172682,0.600000023842
02_15_14_37_28_056_left.jpg,0.212930172682,0.600000023842
02_15_14_37_28_086_right.jpg,0.212930172682,0.600000023842
02_15_14_37_28_087_left.jpg,0.212930172682,0.600000023842
02_15_14_37_28_147_left.jpg,0.21991148591,0.600000023842
02_15_14_37_28_147_right.jpg,0.21991148591,0.600000023842
02_15_14_37_28_179_left.jpg,0.169296935201,0.600000023842
02_15_14_37_28_180_right.jpg,0.169296935201,0.600000023842
02_15_14_37_28_214_left.jpg,0.25830873847,0.600000023842
02_15_14_37_28_221_right.jpg,0.25830873847,0.600000023842
02_15_14_37_28_253_left.jpg,0.25830873847,0.600000023842
02_15_14_37_28_262_right.jpg,0.188495561481,0.600000023842
02_15_14_37_28_294_left.jpg,0.186750233173,0.600000023842
02_15_14_37_28_298_right.jpg,0.186750233173,0.600000023842
02_15_14_37_28_349_right.jpg,0.186750233173,0.600000023842
02_15_14_37_28_352_left.jpg,0.186750233173,0.600000023842
02_15_14_37_28_380_left.jpg,0.174532920122,0.600000023842
02_15_14_37_28_386_right.jpg,0.174532920122,0.600000023842
02_15_14_37_28_418_right.jpg,0.171042263508,0.600000023842
02_15_14_37_28_423_left.jpg,0.171042263508,0.600000023842
02_15_14_37_28_462_left.jpg,0.174532920122,0.600000023842
02_15_14_37_28_466_right.jpg,0.174532920122,0.600000023842
02_15_14_37_28_504_left.jpg,0.165806278586,0.600000023842
02_15_14_37_28_509_right.jpg,0.165806278586,0.600000023842
02_15_14_37_28_573_left.jpg,0.171042263508,0.600000023842
02_15_14_37_28_577_right.jpg,0.171042263508,0.600000023842
02_15_14_37_28_604_right.jpg,0.171042263508,0.600000023842
02_15_14_37_28_604_left.jpg,0.171042263508,0.600000023842
02_15_14_37_28_653_left.jpg,0.132645025849,0.600000023842
02_15_14_37_28_659_right.jpg,0.153588980436,0.600000023842
02_15_14_37_28_687_left.jpg,0.153588980436,0.600000023842
02_15_14_37_28_694_right.jpg,0.143116995692,0.600000023842
02_15_14_37_28_729_left.jpg,0.143116995692,0.600000023842
02_15_14_37_28_731_right.jpg,0.139626339078,0.600000023842
02_15_14_37_28_791_right.jpg,0.139626339078,0.600000023842
02_15_14_37_28_792_left.jpg,0.139626339078,0.600000023842
02_15_14_37_28_826_left.jpg,0.136135682464,0.600000023842
02_15_14_37_28_828_right.jpg,0.136135682464,0.600000023842
02_15_14_37_28_855_left.jpg,0.132645025849,0.600000023842
02_15_14_37_28_856_right.jpg,0.132645025849,0.600000023842
02_15_14_37_28_896_left.jpg,0.150098308921,0.600000023842
02_15_14_37_28_898_right.jpg,0.150098308921,0.600000023842
02_15_14_37_28_934_left.jpg,0.148352980614,0.600000023842
02_15_14_37_28_938_right.jpg,0.148352980614,0.600000023842
02_15_14_37_29_000_left.jpg,0.144862323999,0.600000023842
02_15_14_37_29_014_right.jpg,0.150098308921,0.600000023842
02_15_14_37_29_033_right.jpg,0.150098308921,0.600000023842
02_15_14_37_29_041_left.jpg,0.150098308921,0.600000023842
02_15_14_37_29_071_left.jpg,0.125663712621,0.600000023842
02_15_14_37_29_074_right.jpg,0.125663712621,0.600000023842
02_15_14_37_29_109_right.jpg,0.139626339078,0.600000023842
02_15_14_37_29_114_left.jpg,0.139626339078,0.600000023842
02_15_14_37_29_137_left.jpg,0.150098308921,0.600000023842
02_15_14_37_29_141_right.jpg,0.150098308921,0.600000023842
02_15_14_37_29_202_left.jpg,0.143116995692,0.600000023842
02_15_14_37_29_205_right.jpg,0.143116995692,0.600000023842
02_15_14_37_29_235_left.jpg,0.143116995692,0.600000023842
02_15_14_37_29_238_right.jpg,0.143116995692,0.600000023842
02_15_14_37_29_270_right.jpg,0.151843652129,0.600000023842
02_15_14_37_29_270_left.jpg,0.151843652129,0.600000023842
02_15_14_37_29_308_left.jpg,0.167551606894,0.600000023842
02_15_14_37_29_313_right.jpg,0.167551606894,0.600000023842
02_15_14_37_29_350_left.jpg,0.167551606894,0.600000023842
02_15_14_37_29_362_right.jpg,0.167551606894,0.600000023842
02_15_14_37_29_408_right.jpg,0.197222203016,0.600000023842
02_15_14_37_29_408_left.jpg,0.197222203016,0.600000023842
02_15_14_37_29_441_right.jpg,0.197222203016,0.600000023842
02_15_14_37_29_442_left.jpg,0.197222203016,0.600000023842
02_15_14_37_29_484_right.jpg,0.183259576559,0.600000023842
02_15_14_37_29_494_left.jpg,0.202458187938,0.600000023842
02_15_14_37_29_518_right.jpg,0.202458187938,0.600000023842
02_15_14_37_29_519_left.jpg,0.202458187938,0.600000023842
02_15_14_37_29_542_left.jpg,0.209439516068,0.600000023842
02_15_14_37_29_553_right.jpg,0.209439516068,0.600000023842
02_15_14_37_29_608_left.jpg,0.190240889788,0.600000023842
02_15_14_37_29_613_right.jpg,0.204203516245,0.600000023842
02_15_14_37_29_647_left.jpg,0.204203516245,0.600000023842
02_15_14_37_29_649_right.jpg,0.204203516245,0.600000023842
02_15_14_37_29_678_right.jpg,0.204203516245,0.600000023842
02_15_14_37_29_680_left.jpg,0.204203516245,0.600000023842
02_15_14_37_29_717_right.jpg,0.186750233173,0.600000023842
02_15_14_37_29_719_left.jpg,0.186750233173,0.600000023842
02_15_14_37_29_758_left.jpg,0.176278248429,0.600000023842
02_15_14_37_29_763_right.jpg,0.176278248429,0.600000023842
02_15_14_37_29_827_left.jpg,0.21991148591,0.600000023842
02_15_14_37_29_831_right.jpg,0.21991148591,0.600000023842
02_15_14_37_29_868_left.jpg,0.181514248252,0.600000023842
02_15_14_37_29_876_right.jpg,0.181514248252,0.600000023842
02_15_14_37_29_916_left.jpg,0.200712859631,0.600000023842
02_15_14_37_29_917_right.jpg,0.200712859631,0.600000023842
02_15_14_37_29_947_left.jpg,0.160570293665,0.600000023842
02_15_14_37_29_951_right.jpg,0.160570293665,0.600000023842
02_15_14_37_29_985_left.jpg,0.169296935201,0.600000023842
02_15_14_37_29_989_right.jpg,0.169296935201,0.600000023842
02_15_14_37_30_046_left.jpg,0.158824965358,0.600000023842
02_15_14_37_30_047_right.jpg,0.158824965358,0.600000023842
02_15_14_37_30_079_left.jpg,0.136135682464,0.600000023842
02_15_14_37_30_081_right.jpg,0.136135682464,0.600000023842
02_15_14_37_30_108_left.jpg,0.20769418776,0.600000023842
02_15_14_37_30_114_right.jpg,0.20769418776,0.600000023842
02_15_14_37_30_159_left.jpg,0.108210414648,0.600000023842
02_15_14_37_30_163_right.jpg,0.108210414648,0.600000023842
02_15_14_37_30_198_right.jpg,0.132645025849,0.600000023842
02_15_14_37_30_198_left.jpg,0.132645025849,0.600000023842
02_15_14_37_30_256_left.jpg,0.136135682464,0.600000023842
02_15_14_37_30_258_right.jpg,0.136135682464,0.600000023842
02_15_14_37_30_326_left.jpg,0.122173048556,0.600000023842
02_15_14_37_30_329_right.jpg,0.122173048556,0.600000023842
02_15_14_37_30_356_left.jpg,0.104719758034,0.600000023842
02_15_14_37_30_361_right.jpg,0.104719758034,0.600000023842
02_15_14_37_30_391_left.jpg,0.115191727877,0.600000023842
02_15_14_37_30_397_right.jpg,0.115191727877,0.600000023842
02_15_14_37_30_454_left.jpg,0.111701071262,0.600000023842
02_15_14_37_30_466_right.jpg,0.111701071262,0.600000023842
02_15_14_37_30_491_right.jpg,0.111701071262,0.600000023842
02_15_14_37_30_492_left.jpg,0.111701071262,0.600000023842
02_15_14_37_30_531_right.jpg,0.0925024524331,0.600000023842
02_15_14_37_30_532_left.jpg,0.0925024524331,0.600000023842
02_15_14_37_30_565_left.jpg,0.0959931090474,0.600000023842
02_15_14_37_30_568_right.jpg,0.0959931090474,0.600000023842
02_15_14_37_30_603_left.jpg,0.0959931090474,0.600000023842
02_15_14_37_30_609_right.jpg,0.0959931090474,0.600000023842
02_15_14_37_30_671_left.jpg,0.0942477807403,0.600000023842
02_15_14_37_30_672_right.jpg,0.0942477807403,0.600000023842
02_15_14_37_30_705_left.jpg,0.673697113991,0.600000023842
02_15_14_37_30_708_right.jpg,0.673697113991,0.600000023842
02_15_14_37_30_732_right.jpg,0.673697113991,0.600000023842
02_15_14_37_30_732_left.jpg,0.673697113991,0.600000023842
02_15_14_37_30_769_left.jpg,-0.0139626339078,0.600000023842
02_15_14_37_30_777_right.jpg,0.244346097112,0.600000023842
02_15_14_37_30_803_right.jpg,0.244346097112,0.600000023842
02_15_14_37_30_804_left.jpg,0.244346097112,0.600000023842
02_15_14_37_30_883_left.jpg,0.307177960873,0.600000023842
02_15_14_37_30_895_right.jpg,0.307177960873,0.600000023842
02_15_14_37_30_920_left.jpg,0.279252678156,0.600000023842
02_15_14_37_30_930_right.jpg,0.279252678156,0.600000023842
02_15_14_37_30_968_left.jpg,0.205948844552,0.600000023842
02_15_14_37_30_974_right.jpg,0.244346097112,0.600000023842
02_15_14_37_31_005_left.jpg,0.244346097112,0.600000023842
02_15_14_37_31_009_right.jpg,0.244346097112,0.600000023842
02_15_14_37_31_071_left.jpg,0.178023576736,0.600000023842
02_15_14_37_31_075_right.jpg,0.178023576736,0.600000023842
02_15_14_37_31_108_left.jpg,0.122173048556,0.600000023842
02_15_14_37_31_109_right.jpg,0.122173048556,0.600000023842
02_15_14_37_31_141_left.jpg,0.122173048556,0.600000023842
02_15_14_37_31_148_right.jpg,0.122173048556,0.600000023842
02_15_14_37_31_185_left.jpg,0.171042263508,0.600000023842
02_15_14_37_31_189_right.jpg,0.171042263508,0.600000023842
02_15_14_37_31_235_left.jpg,0.160570293665,0.600000023842
02_15_14_37_31_239_right.jpg,0.160570293665,0.600000023842
02_15_14_37_31_281_left.jpg,0.185004904866,0.600000023842
02_15_14_37_31_295_right.jpg,0.167551606894,0.600000023842
02_15_14_37_31_327_left.jpg,0.167551606894,0.600000023842
02_15_14_37_31_334_right.jpg,0.167551606894,0.600000023842
02_15_14_37_31_359_left.jpg,0.153588980436,0.600000023842
02_15_14_37_31_365_right.jpg,0.153588980436,0.600000023842
02_15_14_37_31_396_left.jpg,0.172787591815,0.600000023842
02_15_14_37_31_400_right.jpg,0.172787591815,0.600000023842
02_15_14_37_31_425_right.jpg,0.153588980436,0.600000023842
02_15_14_37_31_427_left.jpg,0.153588980436,0.600000023842
02_15_14_37_31_482_right.jpg,0.169296935201,0.600000023842
02_15_14_37_31_487_left.jpg,0.169296935201,0.600000023842
02_15_14_37_31_524_right.jpg,0.155334308743,0.600000023842
02_15_14_37_31_526_left.jpg,0.155334308743,0.600000023842
02_15_14_37_31_556_left.jpg,0.178023576736,0.600000023842
02_15_14_37_31_558_right.jpg,0.178023576736,0.600000023842
02_15_14_37_31_595_left.jpg,0.167551606894,0.600000023842
02_15_14_37_31_595_right.jpg,0.167551606894,0.600000023842
02_15_14_37_31_636_left.jpg,0.183259576559,0.600000023842
02_15_14_37_31_638_right.jpg,0.183259576559,0.600000023842
02_15_14_37_31_701_right.jpg,0.162315621972,0.600000023842
02_15_14_37_31_721_left.jpg,0.162315621972,0.600000023842
02_15_14_37_31_748_left.jpg,0.169296935201,0.600000023842
02_15_14_37_31_749_right.jpg,0.169296935201,0.600000023842
02_15_14_37_31_784_right.jpg,0.185004904866,0.600000023842
02_15_14_37_31_787_left.jpg,0.185004904866,0.600000023842
02_15_14_37_31_812_right.jpg,0.185004904866,0.600000023842
02_15_14_37_31_812_left.jpg,0.185004904866,0.600000023842
02_15_14_37_31_841_left.jpg,0.169296935201,0.600000023842
02_15_14_37_31_844_right.jpg,0.169296935201,0.600000023842
02_15_14_37_31_904_left.jpg,0.164060950279,0.600000023842
02_15_14_37_31_907_right.jpg,0.164060950279,0.600000023842
02_15_14_37_31_955_left.jpg,0.193731546402,0.600000023842
02_15_14_37_31_959_right.jpg,0.193731546402,0.600000023842
02_15_14_37_31_982_right.jpg,0.176278248429,0.600000023842
02_15_14_37_31_999_left.jpg,0.176278248429,0.600000023842
02_15_14_37_32_027_right.jpg,0.191986218095,0.600000023842
02_15_14_37_32_033_left.jpg,0.191986218095,0.600000023842
02_15_14_37_32_044_left.jpg,0.191986218095,0.600000023842
02_15_14_37_32_048_right.jpg,0.191986218095,0.600000023842
02_15_14_37_32_123_left.jpg,0.179768919945,0.600000023842
02_15_14_37_32_128_right.jpg,0.179768919945,0.600000023842
02_15_14_37_32_187_left.jpg,0.143116995692,0.600000023842
02_15_14_37_32_191_right.jpg,0.143116995692,0.600000023842
02_15_14_37_32_238_right.jpg,0.136135682464,0.600000023842
02_15_14_37_32_240_left.jpg,0.136135682464,0.600000023842
02_15_14_37_32_268_left.jpg,0.146607652307,0.600000023842
02_15_14_37_32_269_right.jpg,0.146607652307,0.600000023842
02_15_14_37_32_322_left.jpg,0.143116995692,0.600000023842
02_15_14_37_32_323_right.jpg,0.143116995692,0.600000023842
02_15_14_37_32_354_left.jpg,0.134390354156,0.600000023842
02_15_14_37_32_358_right.jpg,0.134390354156,0.600000023842
02_15_14_37_32_399_left.jpg,0.134390354156,0.600000023842
02_15_14_37_32_402_right.jpg,0.134390354156,0.600000023842
02_15_14_37_32_431_left.jpg,0.141371667385,0.600000023842
02_15_14_37_32_434_right.jpg,0.141371667385,0.600000023842
02_15_14_37_32_459_left.jpg,0.141371667385,0.600000023842
02_15_14_37_32_464_right.jpg,0.141371667385,0.600000023842
02_15_14_37_32_532_left.jpg,0.157079637051,0.600000023842
02_15_14_37_32_533_right.jpg,0.157079637051,0.600000023842
02_15_14_37_32_565_left.jpg,0.157079637051,0.600000023842
02_15_14_37_32_569_right.jpg,0.157079637051,0.600000023842
02_15_14_37_32_603_left.jpg,0.143116995692,0.600000023842
02_15_14_37_32_607_right.jpg,0.143116995692,0.600000023842
02_15_14_37_32_637_left.jpg,0.160570293665,0.600000023842
02_15_14_37_32_640_right.jpg,0.160570293665,0.600000023842
02_15_14_37_32_667_right.jpg,0.160570293665,0.600000023842
02_15_14_37_32_666_left.jpg,0.160570293665,0.600000023842
02_15_14_37_32_746_left.jpg,0.176278248429,0.600000023842
02_15_14_37_32_749_right.jpg,0.176278248429,0.600000023842
02_15_14_37_32_778_right.jpg,0.0837758034468,0.600000023842
02_15_14_37_32_778_left.jpg,0.0837758034468,0.600000023842
02_15_14_37_32_821_left.jpg,0.247836753726,0.600000023842
02_15_14_37_32_829_right.jpg,0.247836753726,0.600000023842
02_15_14_37_32_855_left.jpg,0.183259576559,0.600000023842
02_15_14_37_32_860_right.jpg,0.183259576559,0.600000023842
02_15_14_37_32_900_left.jpg,0.158824965358,0.600000023842
02_15_14_37_32_904_right.jpg,0.158824965358,0.600000023842
02_15_14_37_32_956_right.jpg,0.198967531323,0.600000023842
02_15_14_37_32_959_left.jpg,0.198967531323,0.600000023842
02_15_14_37_32_992_left.jpg,0.0191986225545,0.600000023842
02_15_14_37_32_997_right.jpg,0.0191986225545,0.600000023842
02_15_14_37_33_033_right.jpg,0.294960647821,0.600000023842
02_15_14_37_33_033_left.jpg,0.294960647821,0.600000023842
02_15_14_37_33_059_left.jpg,0.261799395084,0.600000023842
02_15_14_37_33_076_right.jpg,0.261799395084,0.600000023842
02_15_14_37_33_125_left.jpg,0.193731546402,0.600000023842
02_15_14_37_33_125_right.jpg,0.193731546402,0.600000023842
02_15_14_37_33_177_left.jpg,0.130899697542,0.600000023842
02_15_14_37_33_209_right.jpg,0.130899697542,0.600000023842
02_15_14_37_33_215_left.jpg,0.221656814218,0.600000023842
02_15_14_37_33_214_right.jpg,0.221656814218,0.600000023842
02_15_14_37_33_255_left.jpg,0.125663712621,0.600000023842
02_15_14_37_33_260_right.jpg,0.125663712621,0.600000023842
02_15_14_37_33_290_right.jpg,0.125663712621,0.600000023842
02_15_14_37_33_291_left.jpg,0.125663712621,0.600000023842
02_15_14_37_33_331_left.jpg,0.118682391942,0.600000023842
02_15_14_37_33_331_right.jpg,0.118682391942,0.600000023842
02_15_14_37_33_384_right.jpg,0.00523598771542,0.600000023842
02_15_14_37_33_387_left.jpg,0.00523598771542,0.600000023842
02_15_14_37_33_447_right.jpg,0.143116995692,0.600000023842
02_15_14_37_33_447_left.jpg,0.143116995692,0.600000023842
02_15_14_37_33_481_right.jpg,0.143116995692,0.600000023842
02_15_14_37_33_487_left.jpg,0.143116995692,0.600000023842
02_15_14_37_33_535_left.jpg,0.125663712621,0.600000023842
02_15_14_37_33_537_right.jpg,0.125663712621,0.600000023842
02_15_14_37_33_558_left.jpg,0.193731546402,0.600000023842
02_15_14_37_33_568_right.jpg,0.193731546402,0.600000023842
02_15_14_37_33_696_left.jpg,0.172787591815,0.600000023842
02_15_14_37_33_700_right.jpg,0.172787591815,0.600000023842
02_15_14_37_33_748_left.jpg,0.202458187938,0.600000023842
02_15_14_37_33_763_right.jpg,0.202458187938,0.600000023842
02_15_14_37_33_777_left.jpg,0.202458187938,0.600000023842
02_15_14_37_33_782_right.jpg,0.202458187938,0.600000023842
02_15_14_37_33_801_left.jpg,0.146607652307,0.600000023842
02_15_14_37_33_808_right.jpg,0.146607652307,0.600000023842
02_15_14_37_33_836_left.jpg,0.387463092804,0.600000023842
02_15_14_37_33_840_right.jpg,0.387463092804,0.600000023842
02_15_14_37_33_900_left.jpg,0.197222203016,0.600000023842
02_15_14_37_33_905_right.jpg,0.197222203016,0.600000023842
02_15_14_37_33_942_left.jpg,0.167551606894,0.600000023842
02_15_14_37_33_948_right.jpg,0.167551606894,0.600000023842
02_15_14_37_34_023_left.jpg,0.130899697542,0.600000023842
02_15_14_37_34_024_right.jpg,0.130899697542,0.600000023842
02_15_14_37_34_045_left.jpg,0.130899697542,0.600000023842
02_15_14_37_34_059_right.jpg,0.130899697542,0.600000023842
02_15_14_37_34_113_left.jpg,0.137881010771,0.600000023842
02_15_14_37_34_117_right.jpg,0.137881010771,0.600000023842
02_15_14_37_34_203_right.jpg,0.137881010771,0.600000023842
02_15_14_37_34_205_left.jpg,0.137881010771,0.600000023842
02_15_14_37_34_269_left.jpg,0.0890117883682,0.600000023842
02_15_14_37_34_270_right.jpg,0.0890117883682,0.600000023842
02_15_14_37_34_298_right.jpg,0.0890117883682,0.600000023842
02_15_14_37_34_298_left.jpg,0.0890117883682,0.600000023842
02_15_14_37_34_384_left.jpg,0.090757124126,0.600000023842
02_15_14_37_34_395_right.jpg,0.090757124126,0.600000023842
02_15_14_37_34_476_left.jpg,0.0506145469844,0.600000023842
02_15_14_37_34_483_right.jpg,0.0506145469844,0.600000023842
02_15_14_37_34_550_right.jpg,0.0523598790169,0.600000023842
02_15_14_37_34_552_left.jpg,0.0523598790169,0.600000023842
02_15_14_37_34_590_left.jpg,0.045378562063,0.600000023842
02_15_14_37_34_590_right.jpg,0.045378562063,0.600000023842
02_15_14_37_34_639_right.jpg,0.045378562063,0.600000023842
02_15_14_37_34_644_left.jpg,0.045378562063,0.600000023842
02_15_14_37_34_697_right.jpg,0.0296705979854,0.600000023842
02_15_14_37_34_699_left.jpg,0.0296705979854,0.600000023842
02_15_14_37_34_802_left.jpg,0.0296705979854,0.600000023842
02_15_14_37_34_824_left.jpg,-0.00349065847695,0.600000023842
02_15_14_37_34_825_right.jpg,-0.00349065847695,0.600000023842
02_15_14_37_34_827_right.jpg,-0.00349065847695,0.600000023842
02_15_14_37_34_884_left.jpg,0.0174532923847,0.600000023842
02_15_14_37_34_892_right.jpg,0.0174532923847,0.600000023842
02_15_14_37_34_947_right.jpg,0.0139626339078,0.600000023842
02_15_14_37_34_948_left.jpg,0.0139626339078,0.600000023842
02_15_14_37_34_969_left.jpg,0.0139626339078,0.600000023842
02_15_14_37_34_975_right.jpg,0.0,0.600000023842
02_15_14_37_35_065_left.jpg,0.00349065847695,0.600000023842
02_15_14_37_35_070_right.jpg,0.00349065847695,0.600000023842
02_15_14_37_35_133_left.jpg,0.0104719754308,0.600000023842
02_15_14_37_35_150_right.jpg,0.0104719754308,0.600000023842
02_15_14_37_35_191_left.jpg,0.0104719754308,0.600000023842
02_15_14_37_35_194_right.jpg,0.0104719754308,0.600000023842
02_15_14_37_35_247_left.jpg,0.00523598771542,0.600000023842
02_15_14_37_35_247_right.jpg,0.00523598771542,0.600000023842
02_15_14_37_35_292_left.jpg,0.0139626339078,0.600000023842
02_15_14_37_35_301_right.jpg,0.0139626339078,0.600000023842
02_15_14_37_35_386_left.jpg,0.0157079640776,0.600000023842
02_15_14_37_35_396_right.jpg,0.0157079640776,0.600000023842
02_15_14_37_35_473_right.jpg,0.0279252678156,0.600000023842
02_15_14_37_35_478_left.jpg,0.0279252678156,0.600000023842
02_15_14_37_35_535_left.jpg,0.23212878406,0.600000023842
02_15_14_37_35_540_right.jpg,0.23212878406,0.600000023842
02_15_14_37_35_573_right.jpg,0.0942477807403,0.600000023842
02_15_14_37_35_575_left.jpg,0.0942477807403,0.600000023842
02_15_14_37_35_668_left.jpg,0.101229093969,0.600000023842
02_15_14_37_35_672_right.jpg,0.101229093969,0.600000023842
02_15_14_37_35_749_left.jpg,0.214675500989,0.600000023842
02_15_14_37_35_756_right.jpg,0.214675500989,0.600000023842
02_15_14_37_35_815_left.jpg,0.595157265663,0.600000023842
02_15_14_37_35_819_right.jpg,0.595157265663,0.600000023842
02_15_14_37_35_928_left.jpg,0.287979334593,0.600000023842
02_15_14_37_35_935_right.jpg,0.287979334593,0.600000023842
02_15_14_37_35_986_left.jpg,0.287979334593,0.600000023842
02_15_14_37_35_993_right.jpg,0.314159274101,0.600000023842
02_15_14_37_36_020_left.jpg,0.233874112368,0.600000023842
02_15_14_37_36_040_right.jpg,0.233874112368,0.600000023842
02_15_14_37_36_129_left.jpg,0.23911011219,0.600000023842
02_15_14_37_36_133_right.jpg,0.226892799139,0.600000023842
02_15_14_37_36_244_right.jpg,0.226892799139,0.600000023842
02_15_14_37_36_244_left.jpg,0.226892799139,0.600000023842
02_15_14_37_36_306_left.jpg,0.21991148591,0.600000023842
02_15_14_37_36_317_right.jpg,0.21991148591,0.600000023842
02_15_14_37_36_393_left.jpg,0.209439516068,0.600000023842
02_15_14_37_36_396_right.jpg,0.209439516068,0.600000023842
02_15_14_37_36_439_left.jpg,0.141371667385,0.600000023842
02_15_14_37_36_442_right.jpg,0.141371667385,0.600000023842
02_15_14_37_36_548_left.jpg,0.25830873847,0.600000023842
02_15_14_37_36_556_right.jpg,0.25830873847,0.600000023842
02_15_14_37_36_623_left.jpg,0.188495561481,0.600000023842
02_15_14_37_36_627_right.jpg,0.188495561481,0.600000023842
02_15_14_37_36_652_left.jpg,0.188495561481,0.600000023842
02_15_14_37_36_659_right.jpg,0.167551606894,0.600000023842
02_15_14_37_36_705_left.jpg,0.169296935201,0.600000023842
02_15_14_37_36_710_right.jpg,0.169296935201,0.600000023842
02_15_14_37_36_748_right.jpg,0.11344639957,0.600000023842
02_15_14_37_36_749_left.jpg,0.11344639957,0.600000023842
02_15_14_37_36_840_right.jpg,0.109955742955,0.600000023842
02_15_14_37_36_843_left.jpg,0.109955742955,0.600000023842
02_15_14_37_36_916_right.jpg,-0.0174532923847,0.600000023842
02_15_14_37_36_918_left.jpg,-0.0174532923847,0.600000023842
02_15_14_37_36_944_left.jpg,0.0488692186773,0.600000023842
02_15_14_37_36_955_right.jpg,0.0488692186773,0.600000023842
02_15_14_37_36_986_left.jpg,0.0610865242779,0.600000023842
02_15_14_37_37_010_right.jpg,0.0610865242779,0.600000023842
02_15_14_37_37_020_left.jpg,0.0610865242779,0.600000023842
02_15_14_37_37_024_right.jpg,0.0610865242779,0.600000023842
02_15_14_37_37_115_left.jpg,0.0,0.600000023842
02_15_14_37_37_131_right.jpg,0.0,0.600000023842
02_15_14_37_37_180_left.jpg,-0.0296705979854,0.600000023842
02_15_14_37_37_192_right.jpg,-0.0296705979854,0.600000023842
02_15_14_37_37_234_left.jpg,-0.00523598771542,0.600000023842
02_15_14_37_37_261_right.jpg,-0.00523598771542,0.600000023842
02_15_14_37_37_312_left.jpg,-0.054105207324,0.600000023842
02_15_14_37_37_331_left.jpg,-0.054105207324,0.600000023842
02_15_14_37_37_333_right.jpg,-0.0506145469844,0.600000023842
02_15_14_37_37_340_right.jpg,-0.0506145469844,0.600000023842
02_15_14_37_37_462_left.jpg,-0.0506145469844,0.600000023842
02_15_14_37_37_462_right.jpg,-0.0506145469844,0.600000023842
02_15_14_37_37_495_left.jpg,-0.0506145469844,0.600000023842
02_15_14_37_37_502_right.jpg,-0.108210414648,0.600000023842
02_15_14_37_37_568_left.jpg,-0.108210414648,0.600000023842
02_15_14_37_37_573_right.jpg,-0.387463092804,0.600000023842
02_15_14_37_37_598_right.jpg,-0.387463092804,0.600000023842
02_15_14_37_37_600_left.jpg,-0.387463092804,0.600000023842
02_15_14_37_37_645_left.jpg,-0.387463092804,0.600000023842
02_15_14_37_37_653_right.jpg,-0.198967531323,0.600000023842
02_15_14_37_37_720_left.jpg,-0.198967531323,0.600000023842
02_15_14_37_37_723_right.jpg,-0.198967531323,0.600000023842
02_15_14_37_37_760_left.jpg,-0.202458187938,0.600000023842
02_15_14_37_37_762_right.jpg,-0.202458187938,0.600000023842
02_15_14_37_37_791_left.jpg,-0.185004904866,0.600000023842
02_15_14_37_37_794_right.jpg,-0.185004904866,0.600000023842
02_15_14_37_37_836_left.jpg,-0.155334308743,0.600000023842
02_15_14_37_37_841_right.jpg,-0.155334308743,0.600000023842
02_15_14_37_37_866_left.jpg,-0.148352980614,0.600000023842
02_15_14_37_37_871_right.jpg,-0.148352980614,0.600000023842
02_15_14_37_37_920_left.jpg,-0.148352980614,0.600000023842
02_15_14_37_37_923_right.jpg,-0.148352980614,0.600000023842
02_15_14_37_37_985_right.jpg,-0.0994837656617,0.600000023842
02_15_14_37_37_988_left.jpg,-0.0994837656617,0.600000023842
02_15_14_37_38_012_left.jpg,-0.0994837656617,0.600000023842
02_15_14_37_38_013_right.jpg,-0.0994837656617,0.600000023842
02_15_14_37_38_058_left.jpg,-0.054105207324,0.600000023842
02_15_14_37_38_077_right.jpg,-0.054105207324,0.600000023842
02_15_14_37_38_135_right.jpg,-0.0488692186773,0.600000023842
02_15_14_37_38_147_left.jpg,-0.0488692186773,0.600000023842
02_15_14_37_38_176_left.jpg,-0.00349065847695,0.600000023842
02_15_14_37_38_177_right.jpg,-0.00349065847695,0.600000023842
02_15_14_37_38_204_left.jpg,-0.00349065847695,0.600000023842
02_15_14_37_38_208_right.jpg,-0.00349065847695,0.600000023842
02_15_14_37_38_238_left.jpg,-0.0645771846175,0.600000023842
02_15_14_37_38_260_right.jpg,-0.0244346093386,0.600000023842
02_15_14_37_38_278_left.jpg,-0.0244346093386,0.600000023842
02_15_14_37_38_282_right.jpg,-0.0244346093386,0.600000023842
02_15_14_37_38_354_right.jpg,-0.0157079640776,0.600000023842
02_15_14_37_38_358_left.jpg,-0.0157079640776,0.600000023842
02_15_14_37_38_395_right.jpg,-0.0349065847695,0.600000023842
02_15_14_37_38_395_left.jpg,-0.0349065847695,0.600000023842
02_15_14_37_38_433_left.jpg,0.00872664619237,0.600000023842
02_15_14_37_38_444_right.jpg,0.00872664619237,0.600000023842
02_15_14_37_38_463_left.jpg,0.00872664619237,0.600000023842
02_15_14_37_38_466_right.jpg,0.00872664619237,0.600000023842
02_15_14_37_38_498_left.jpg,-0.0069813169539,0.600000023842
02_15_14_37_38_508_right.jpg,-0.0069813169539,0.600000023842
02_15_14_37_38_620_left.jpg,0.0157079640776,0.600000023842
02_15_14_37_38_631_right.jpg,0.0157079640776,0.600000023842
02_15_14_37_38_666_right.jpg,0.0593411959708,0.600000023842
02_15_14_37_38_667_left.jpg,0.0593411959708,0.600000023842
02_15_14_37_38_697_left.jpg,0.0628318563104,0.600000023842
02_15_14_37_38_717_right.jpg,0.0628318563104,0.600000023842
02_15_14_37_38_728_left.jpg,0.0628318563104,0.600000023842
02_15_14_37_38_732_right.jpg,0.0628318563104,0.600000023842
02_15_14_37_38_768_left.jpg,0.0558505356312,0.600000023842
02_15_14_37_38_786_right.jpg,0.0628318563104,0.600000023842
02_15_14_37_38_855_right.jpg,0.069813169539,0.600000023842
02_15_14_37_38_857_left.jpg,0.069813169539,0.600000023842
02_15_14_37_38_889_left.jpg,0.069813169539,0.600000023842
02_15_14_37_38_891_right.jpg,0.069813169539,0.600000023842
02_15_14_37_38_925_left.jpg,0.120427720249,0.600000023842
02_15_14_37_38_926_right.jpg,0.120427720249,0.600000023842
02_15_14_37_38_964_left.jpg,0.146607652307,0.600000023842
02_15_14_37_38_966_right.jpg,0.146607652307,0.600000023842
02_15_14_37_38_998_right.jpg,0.143116995692,0.600000023842
02_15_14_37_38_998_left.jpg,0.143116995692,0.600000023842
02_15_14_37_39_059_left.jpg,0.165806278586,0.600000023842
02_15_14_37_39_060_right.jpg,0.165806278586,0.600000023842
02_15_14_37_39_086_left.jpg,0.165806278586,0.600000023842
02_15_14_37_39_101_right.jpg,0.240855440497,0.600000023842
02_15_14_37_39_128_left.jpg,0.240855440497,0.600000023842
02_15_14_37_39_130_right.jpg,0.240855440497,0.600000023842
02_15_14_37_39_187_left.jpg,0.197222203016,0.600000023842
02_15_14_37_39_196_right.jpg,0.197222203016,0.600000023842
02_15_14_37_39_230_left.jpg,0.225147470832,0.600000023842
02_15_14_37_39_235_right.jpg,0.225147470832,0.600000023842
02_15_14_37_39_307_right.jpg,0.474729567766,0.600000023842
02_15_14_37_39_311_left.jpg,0.474729567766,0.600000023842
02_15_14_37_39_329_left.jpg,0.474729567766,0.600000023842
02_15_14_37_39_338_right.jpg,0.32637655735,0.600000023842
02_15_14_37_39_363_right.jpg,0.32637655735,0.600000023842
02_15_14_37_39_364_left.jpg,0.32637655735,0.600000023842
02_15_14_37_39_392_left.jpg,0.270526021719,0.600000023842
02_15_14_37_39_400_right.jpg,0.270526021719,0.600000023842
02_15_14_37_39_444_left.jpg,0.260054051876,0.600000023842
02_15_14_37_39_454_right.jpg,0.275762021542,0.600000023842
02_15_14_37_39_510_left.jpg,0.164060950279,0.600000023842
02_15_14_37_39_522_right.jpg,0.164060950279,0.600000023842
02_15_14_37_39_552_left.jpg,0.28274333477,0.600000023842
02_15_14_37_39_559_right.jpg,0.28274333477,0.600000023842
02_15_14_37_39_596_left.jpg,0.233874112368,0.600000023842
02_15_14_37_39_598_right.jpg,0.233874112368,0.600000023842
02_15_14_37_39_629_left.jpg,0.315904587507,0.600000023842
02_15_14_37_39_637_right.jpg,0.315904587507,0.600000023842
02_15_14_37_39_664_right.jpg,0.171042263508,0.600000023842
02_15_14_37_39_664_left.jpg,0.171042263508,0.600000023842
02_15_14_37_39_721_left.jpg,0.32637655735,0.600000023842
02_15_14_37_39_732_right.jpg,0.104719758034,0.600000023842
02_15_14_37_39_770_left.jpg,0.104719758034,0.600000023842
02_15_14_37_39_774_right.jpg,0.104719758034,0.600000023842
02_15_14_37_39_817_left.jpg,0.307177960873,0.600000023842
02_15_14_37_39_826_right.jpg,0.307177960873,0.600000023842
02_15_14_37_39_876_left.jpg,0.212930172682,0.600000023842
02_15_14_37_39_878_right.jpg,0.212930172682,0.600000023842
02_15_14_37_39_945_left.jpg,0.155334308743,0.600000023842
02_15_14_37_39_950_right.jpg,0.155334308743,0.600000023842
02_15_14_37_39_965_left.jpg,0.155334308743,0.600000023842
02_15_14_37_39_974_right.jpg,0.205948844552,0.600000023842
02_15_14_37_40_010_left.jpg,0.205948844552,0.600000023842
02_15_14_37_40_018_right.jpg,0.176278248429,0.600000023842
02_15_14_37_40_037_left.jpg,0.176278248429,0.600000023842
02_15_14_37_40_040_right.jpg,0.176278248429,0.600000023842
02_15_14_37_40_079_left.jpg,0.162315621972,0.600000023842
02_15_14_37_40_088_right.jpg,0.162315621972,0.600000023842
02_15_14_37_40_131_left.jpg,0.146607652307,0.600000023842
02_15_14_37_40_136_right.jpg,0.146607652307,0.600000023842
02_15_14_37_40_208_left.jpg,0.146607652307,0.600000023842
02_15_14_37_40_225_right.jpg,0.146607652307,0.600000023842
02_15_14_37_40_243_left.jpg,0.146607652307,0.600000023842
02_15_14_37_40_247_right.jpg,0.146607652307,0.600000023842
02_15_14_37_40_288_left.jpg,0.134390354156,0.600000023842
02_15_14_37_40_293_right.jpg,0.132645025849,0.600000023842
02_15_14_37_40_351_left.jpg,0.132645025849,0.600000023842
02_15_14_37_40_357_right.jpg,0.132645025849,0.600000023842
02_15_14_37_40_381_left.jpg,0.106465086341,0.600000023842
02_15_14_37_40_386_right.jpg,0.106465086341,0.600000023842
02_15_14_37_40_427_left.jpg,0.115191727877,0.600000023842
02_15_14_37_40_428_right.jpg,0.115191727877,0.600000023842
02_15_14_37_40_452_right.jpg,0.109955742955,0.600000023842
02_15_14_37_40_454_left.jpg,0.109955742955,0.600000023842
02_15_14_37_40_496_left.jpg,0.109955742955,0.600000023842
02_15_14_37_40_501_right.jpg,0.109955742955,0.600000023842
02_15_14_37_40_566_left.jpg,0.106465086341,0.600000023842
02_15_14_37_40_574_right.jpg,0.411897689104,0.600000023842
02_15_14_37_40_601_left.jpg,0.411897689104,0.600000023842
02_15_14_37_40_602_right.jpg,0.411897689104,0.600000023842
02_15_14_37_40_639_left.jpg,0.155334308743,0.600000023842
02_15_14_37_40_649_right.jpg,0.155334308743,0.600000023842
02_15_14_37_40_686_right.jpg,0.172787591815,0.600000023842
02_15_14_37_40_691_left.jpg,0.172787591815,0.600000023842
02_15_14_37_40_704_left.jpg,0.176278248429,0.600000023842
02_15_14_37_40_704_right.jpg,0.176278248429,0.600000023842
02_15_14_37_40_759_left.jpg,0.162315621972,0.600000023842
02_15_14_37_40_763_right.jpg,0.162315621972,0.600000023842
02_15_14_37_40_808_right.jpg,0.162315621972,0.600000023842
02_15_14_37_40_811_left.jpg,0.162315621972,0.600000023842
02_15_14_37_40_825_left.jpg,0.130899697542,0.600000023842
02_15_14_37_40_830_right.jpg,0.130899697542,0.600000023842
02_15_14_37_40_862_left.jpg,0.143116995692,0.600000023842
02_15_14_37_40_863_right.jpg,0.143116995692,0.600000023842
02_15_14_37_40_910_right.jpg,0.403171062469,0.600000023842
02_15_14_37_40_912_left.jpg,0.403171062469,0.600000023842
02_15_14_37_40_979_left.jpg,-0.0139626339078,0.600000023842
02_15_14_37_40_984_right.jpg,-0.0139626339078,0.600000023842
02_15_14_37_41_017_right.jpg,0.176278248429,0.600000023842
02_15_14_37_41_018_left.jpg,0.176278248429,0.600000023842
02_15_14_37_41_081_right.jpg,0.703367710114,0.600000023842
02_15_14_37_41_084_left.jpg,0.703367710114,0.600000023842
02_15_14_37_41_112_left.jpg,0.429351001978,0.600000023842
02_15_14_37_41_131_right.jpg,0.429351001978,0.600000023842
02_15_14_37_41_148_left.jpg,0.260054051876,0.600000023842
02_15_14_37_41_160_right.jpg,0.260054051876,0.600000023842
02_15_14_37_41_237_right.jpg,0.354301840067,0.600000023842
02_15_14_37_41_238_left.jpg,0.354301840067,0.600000023842
02_15_14_37_41_269_left.jpg,0.534070730209,0.600000023842
02_15_14_37_41_281_right.jpg,0.534070730209,0.600000023842
02_15_14_37_41_315_right.jpg,0.593411922455,0.600000023842
02_15_14_37_41_315_left.jpg,0.593411922455,0.600000023842
02_15_14_37_41_352_left.jpg,0.59864795208,0.600000023842
02_15_14_37_41_361_right.jpg,0.59864795208,0.600000023842
02_15_14_37_41_381_left.jpg,0.495673507452,0.600000023842
02_15_14_37_41_385_right.jpg,0.495673507452,0.600000023842
02_15_14_37_41_452_right.jpg,0.490437507629,0.600000023842
02_15_14_37_41_456_left.jpg,0.485201537609,0.600000023842
02_15_14_37_41_504_left.jpg,0.490437507629,0.600000023842
02_15_14_37_41_509_right.jpg,0.490437507629,0.600000023842
02_15_14_37_41_536_right.jpg,0.509636163712,0.600000023842
02_15_14_37_41_537_left.jpg,0.509636163712,0.600000023842
02_15_14_37_41_557_left.jpg,0.509636163712,0.600000023842
02_15_14_37_41_558_right.jpg,0.509636163712,0.600000023842
02_15_14_37_41_594_left.jpg,0.504400134087,0.600000023842
02_15_14_37_41_600_right.jpg,0.504400134087,0.600000023842
02_15_14_37_41_659_right.jpg,0.506145477295,0.600000023842
02_15_14_37_41_664_left.jpg,0.506145477295,0.600000023842
02_15_14_37_41_698_right.jpg,0.502654850483,0.600000023842
02_15_14_37_41_706_left.jpg,0.502654850483,0.600000023842
02_15_14_37_41_744_right.jpg,0.502654850483,0.600000023842
02_15_14_37_41_744_left.jpg,0.502654850483,0.600000023842
02_15_14_37_41_791_right.jpg,0.507890820503,0.600000023842
02_15_14_37_41_793_left.jpg,0.507890820503,0.600000023842
02_15_14_37_41_832_right.jpg,0.499164164066,0.600000023842
02_15_14_37_41_833_left.jpg,0.499164164066,0.600000023842
02_15_14_37_41_892_left.jpg,0.507890820503,0.600000023842
02_15_14_37_41_895_right.jpg,0.507890820503,0.600000023842
02_15_14_37_41_936_left.jpg,0.504400134087,0.600000023842
02_15_14_37_41_948_right.jpg,0.504400134087,0.600000023842
02_15_14_37_41_974_left.jpg,0.499164164066,0.600000023842
02_15_14_37_41_980_right.jpg,0.499164164066,0.600000023842
02_15_14_37_42_025_left.jpg,0.486946851015,0.600000023842
02_15_14_37_42_026_right.jpg,0.486946851015,0.600000023842
02_15_14_37_42_057_left.jpg,0.476474881172,0.600000023842
02_15_14_37_42_062_right.jpg,0.476474881172,0.600000023842
02_15_14_37_42_132_right.jpg,0.485201537609,0.600000023842
02_15_14_37_42_137_left.jpg,0.485201537609,0.600000023842
02_15_14_37_42_156_left.jpg,0.485201537609,0.600000023842
02_15_14_37_42_160_right.jpg,0.485201537609,0.600000023842
02_15_14_37_42_194_left.jpg,0.410152375698,0.600000023842
02_15_14_37_42_200_right.jpg,0.410152375698,0.600000023842
02_15_14_37_42_263_left.jpg,0.420624345541,0.600000023842
02_15_14_37_42_267_right.jpg,0.420624345541,0.600000023842
02_15_14_37_42_313_left.jpg,0.373500466347,0.600000023842
02_15_14_37_42_320_right.jpg,0.373500466347,0.600000023842
02_15_14_37_42_391_right.jpg,0.387463092804,0.600000023842
02_15_14_37_42_394_left.jpg,0.387463092804,0.600000023842
02_15_14_37_42_414_left.jpg,0.387463092804,0.600000023842
02_15_14_37_42_419_right.jpg,0.387463092804,0.600000023842
02_15_14_37_42_460_left.jpg,0.338593870401,0.600000023842
02_15_14_37_42_464_right.jpg,0.338593870401,0.600000023842
02_15_14_37_42_492_left.jpg,0.329867213964,0.600000023842
02_15_14_37_42_497_right.jpg,0.329867213964,0.600000023842
02_15_14_37_42_543_left.jpg,0.270526021719,0.600000023842
02_15_14_37_42_547_right.jpg,0.270526021719,0.600000023842
02_15_14_37_42_622_left.jpg,0.279252678156,0.600000023842
02_15_14_37_42_635_right.jpg,0.279252678156,0.600000023842
02_15_14_37_42_666_left.jpg,0.221656814218,0.600000023842
02_15_14_37_42_667_right.jpg,0.221656814218,0.600000023842
02_15_14_37_42_736_left.jpg,0.191986218095,0.600000023842
02_15_14_37_42_741_right.jpg,0.191986218095,0.600000023842
02_15_14_37_42_784_left.jpg,0.167551606894,0.600000023842
02_15_14_37_42_785_right.jpg,0.167551606894,0.600000023842
02_15_14_37_42_812_left.jpg,0.167551606894,0.600000023842
02_15_14_37_42_835_right.jpg,0.181514248252,0.600000023842
02_15_14_37_42_891_left.jpg,0.172787591815,0.600000023842
02_15_14_37_42_894_right.jpg,0.172787591815,0.600000023842
02_15_14_37_42_942_right.jpg,0.139626339078,0.600000023842
02_15_14_37_42_962_left.jpg,0.139626339078,0.600000023842
02_15_14_37_42_966_left.jpg,0.139626339078,0.600000023842
02_15_14_37_42_983_right.jpg,0.134390354156,0.600000023842
02_15_14_37_43_003_left.jpg,0.134390354156,0.600000023842
02_15_14_37_43_002_right.jpg,0.134390354156,0.600000023842
02_15_14_37_43_045_left.jpg,0.120427720249,0.600000023842
02_15_14_37_43_050_right.jpg,0.120427720249,0.600000023842
02_15_14_37_43_126_left.jpg,0.109955742955,0.600000023842
02_15_14_37_43_155_right.jpg,0.0575958639383,0.600000023842
02_15_14_37_43_179_left.jpg,0.0802851468325,0.600000023842
02_15_14_37_43_187_right.jpg,0.0802851468325,0.600000023842
02_15_14_37_43_211_left.jpg,0.0802851468325,0.600000023842
02_15_14_37_43_215_right.jpg,0.0802851468325,0.600000023842
02_15_14_37_43_268_left.jpg,0.0715584978461,0.600000023842
02_15_14_37_43_271_right.jpg,0.0715584978461,0.600000023842
02_15_14_37_43_344_left.jpg,0.0418879017234,0.600000023842
02_15_14_37_43_344_right.jpg,0.0418879017234,0.600000023842
02_15_14_37_43_439_left.jpg,0.0418879017234,0.600000023842
02_15_14_37_43_448_right.jpg,0.0418879017234,0.600000023842
02_15_14_37_43_520_left.jpg,0.0,0.600000023842
02_15_14_37_43_520_right.jpg,0.0,0.600000023842
02_15_14_37_43_579_right.jpg,0.0314159281552,0.600000023842
02_15_14_37_43_579_left.jpg,0.0314159281552,0.600000023842
02_15_14_37_43_667_left.jpg,0.0226892810315,0.600000023842
02_15_14_37_43_681_right.jpg,0.0226892810315,0.600000023842
02_15_14_37_43_804_left.jpg,0.00174532923847,0.600000023842
02_15_14_37_43_809_right.jpg,0.00174532923847,0.600000023842
02_15_14_37_43_896_left.jpg,-0.00872664619237,0.600000023842
02_15_14_37_43_907_right.jpg,-0.0139626339078,0.600000023842
02_15_14_37_43_920_left.jpg,-0.0139626339078,0.600000023842
02_15_14_37_43_920_right.jpg,-0.0139626339078,0.600000023842
02_15_14_37_43_964_left.jpg,-0.0174532923847,0.600000023842
02_15_14_37_43_966_right.jpg,-0.0174532923847,0.600000023842
02_15_14_37_43_997_left.jpg,-0.0174532923847,0.600000023842
02_15_14_37_44_002_right.jpg,-0.0174532923847,0.600000023842
02_15_14_37_44_104_left.jpg,-0.0191986225545,0.600000023842
02_15_14_37_44_105_right.jpg,-0.0191986225545,0.600000023842
02_15_14_37_44_161_left.jpg,-0.0488692186773,0.600000023842
02_15_14_37_44_167_right.jpg,-0.0488692186773,0.600000023842
02_15_14_37_44_276_left.jpg,-0.045378562063,0.600000023842
02_15_14_37_44_293_right.jpg,-0.045378562063,0.600000023842
02_15_14_37_44_301_left.jpg,-0.0471238903701,0.600000023842
02_15_14_37_44_317_right.jpg,-0.0471238903701,0.600000023842
02_15_14_37_44_322_right.jpg,-0.0471238903701,0.600000023842
02_15_14_37_44_324_left.jpg,-0.0471238903701,0.600000023842
02_15_14_37_44_428_right.jpg,-0.0383972451091,0.600000023842
02_15_14_37_44_434_left.jpg,-0.0383972451091,0.600000023842
02_15_14_37_44_558_left.jpg,-0.0279252678156,0.600000023842
02_15_14_37_44_580_right.jpg,-0.0279252678156,0.600000023842
02_15_14_37_44_643_left.jpg,-0.0296705979854,0.600000023842
02_15_14_37_44_651_right.jpg,-0.0296705979854,0.600000023842
02_15_14_37_44_674_left.jpg,-0.0122173046693,0.600000023842
02_15_14_37_44_679_right.jpg,-0.0122173046693,0.600000023842
02_15_14_37_44_750_left.jpg,-0.0261799395084,0.600000023842
02_15_14_37_44_755_right.jpg,-0.0261799395084,0.600000023842
02_15_14_37_44_816_left.jpg,-0.0209439508617,0.600000023842
02_15_14_37_44_820_right.jpg,-0.0209439508617,0.600000023842
02_15_14_37_44_872_left.jpg,-0.0191986225545,0.600000023842
02_15_14_37_44_885_right.jpg,-0.0191986225545,0.600000023842
02_15_14_37_44_967_left.jpg,-0.0226892810315,0.600000023842
02_15_14_37_44_972_right.jpg,-0.0226892810315,0.600000023842
02_15_14_37_45_072_right.jpg,-0.0226892810315,0.600000023842
02_15_14_37_45_073_left.jpg,-0.0226892810315,0.600000023842
02_15_14_37_45_137_right.jpg,-0.0279252678156,0.600000023842
02_15_14_37_45_142_left.jpg,-0.0279252678156,0.600000023842
02_15_14_37_45_171_left.jpg,-0.0279252678156,0.600000023842
02_15_14_37_45_176_right.jpg,-0.0279252678156,0.600000023842
02_15_14_37_45_238_left.jpg,-0.0244346093386,0.600000023842
02_15_14_37_45_246_right.jpg,-0.0244346093386,0.600000023842
02_15_14_37_45_339_left.jpg,-0.0226892810315,0.600000023842
