10_31_14_24_40_002.jpg,-0.0750491544604,0.600000023842
10_31_14_24_40_033.jpg,-0.0802851468325,0.600000023842
10_31_14_24_40_099.jpg,-0.0715584978461,0.600000023842
10_31_14_24_40_135.jpg,-0.0715584978461,0.600000023842
10_31_14_24_40_170.jpg,-0.0750491544604,0.600000023842
10_31_14_24_40_199.jpg,-0.0750491544604,0.600000023842
10_31_14_24_40_272.jpg,-0.0750491544604,0.600000023842
10_31_14_24_40_303.jpg,-0.0750491544604,0.600000023842
10_31_14_24_40_333.jpg,-0.0750491544604,0.600000023842
10_31_14_24_40_372.jpg,-0.0750491544604,0.600000023842
10_31_14_24_40_433.jpg,-0.0750491544604,0.600000023842
10_31_14_24_40_469.jpg,-0.0750491544604,0.600000023842
10_31_14_24_40_500.jpg,-0.0750491544604,0.600000023842
10_31_14_24_40_534.jpg,-0.0750491544604,0.600000023842
10_31_14_24_40_606.jpg,-0.0750491544604,0.600000023842
10_31_14_24_40_638.jpg,-0.0750491544604,0.600000023842
10_31_14_24_40_668.jpg,-0.0750491544604,0.600000023842
10_31_14_24_40_709.jpg,-0.0750491544604,0.600000023842
10_31_14_24_40_771.jpg,-0.0750491544604,0.600000023842
10_31_14_24_40_805.jpg,-0.0750491544604,0.600000023842
10_31_14_24_40_837.jpg,-0.0750491544604,0.600000023842
10_31_14_24_40_867.jpg,-0.0750491544604,0.600000023842
10_31_14_24_40_934.jpg,-0.0750491544604,0.600000023842
10_31_14_24_40_972.jpg,-0.0750491544604,0.600000023842
10_31_14_24_41_008.jpg,-0.0750491544604,0.600000023842
10_31_14_24_41_043.jpg,-0.0750491544604,0.600000023842
10_31_14_24_41_103.jpg,-0.0750491544604,0.600000023842
10_31_14_24_41_136.jpg,-0.0750491544604,0.600000023842
10_31_14_24_41_169.jpg,-0.0750491544604,0.600000023842
10_31_14_24_41_201.jpg,-0.0750491544604,0.600000023842
10_31_14_24_41_269.jpg,-0.0750491544604,0.600000023842
10_31_14_24_41_308.jpg,-0.0750491544604,0.600000023842
10_31_14_24_41_336.jpg,-0.0750491544604,0.600000023842
10_31_14_24_41_372.jpg,-0.0750491544604,0.600000023842
10_31_14_24_41_437.jpg,-0.0750491544604,0.600000023842
10_31_14_24_41_476.jpg,-0.0750491544604,0.600000023842
10_31_14_24_41_506.jpg,-0.069813169539,0.600000023842
10_31_14_24_41_534.jpg,-0.069813169539,0.600000023842
10_31_14_24_41_611.jpg,-0.0750491544604,0.600000023842
10_31_14_24_41_640.jpg,-0.0750491544604,0.600000023842
10_31_14_24_41_675.jpg,-0.0750491544604,0.600000023842
10_31_14_24_41_707.jpg,-0.0750491544604,0.600000023842
10_31_14_24_41_777.jpg,-0.0488692186773,0.600000023842
10_31_14_24_41_810.jpg,-0.0715584978461,0.600000023842
10_31_14_24_41_840.jpg,-0.115191727877,0.600000023842
10_31_14_24_41_869.jpg,-0.0890117883682,0.600000023842
10_31_14_24_41_945.jpg,-0.0959931090474,0.600000023842
10_31_14_24_41_972.jpg,-0.109955742955,0.600000023842
10_31_14_24_42_006.jpg,-0.101229093969,0.600000023842
10_31_14_24_42_037.jpg,-0.11344639957,0.600000023842
10_31_14_24_42_110.jpg,-0.102974422276,0.600000023842
10_31_14_24_42_138.jpg,-0.102974422276,0.600000023842
10_31_14_24_42_174.jpg,-0.150098308921,0.600000023842
10_31_14_24_42_215.jpg,-0.155334308743,0.600000023842
10_31_14_24_42_275.jpg,-0.171042263508,0.600000023842
10_31_14_24_42_307.jpg,-0.169296935201,0.600000023842
10_31_14_24_42_335.jpg,-0.169296935201,0.600000023842
10_31_14_24_42_373.jpg,-0.179768919945,0.600000023842
10_31_14_24_42_438.jpg,-0.174532920122,0.600000023842
10_31_14_24_42_470.jpg,-0.186750233173,0.600000023842
10_31_14_24_42_509.jpg,-0.181514248252,0.600000023842
10_31_14_24_42_541.jpg,-0.181514248252,0.600000023842
10_31_14_24_42_609.jpg,-0.205948844552,0.600000023842
10_31_14_24_42_643.jpg,-0.265290051699,0.600000023842
10_31_14_24_42_676.jpg,-0.26354470849,0.600000023842
10_31_14_24_42_703.jpg,-0.26354470849,0.600000023842
10_31_14_24_42_772.jpg,-0.307177960873,0.600000023842
10_31_14_24_42_805.jpg,-0.34033921361,0.600000023842
10_31_14_24_42_845.jpg,-0.32114058733,0.600000023842
10_31_14_24_42_874.jpg,-0.376991122961,0.600000023842
10_31_14_24_42_938.jpg,-0.296705961227,0.600000023842
10_31_14_24_42_976.jpg,-0.333357900381,0.600000023842
10_31_14_24_43_004.jpg,-0.312413930893,0.600000023842
10_31_14_24_43_038.jpg,-0.314159274101,0.600000023842
10_31_14_24_43_105.jpg,-0.254818081856,0.600000023842
10_31_14_24_43_139.jpg,-0.254818081856,0.600000023842
10_31_14_24_43_175.jpg,-0.788888812065,0.600000023842
10_31_14_24_43_205.jpg,-0.438077628613,0.600000023842
10_31_14_24_43_271.jpg,-0.436332315207,0.600000023842
10_31_14_24_43_310.jpg,-0.450294941664,0.600000023842
10_31_14_24_43_345.jpg,-0.450294941664,0.600000023842
10_31_14_24_43_374.jpg,-0.42760565877,0.600000023842
10_31_14_24_43_439.jpg,-0.417133688927,0.600000023842
10_31_14_24_43_479.jpg,-0.349065840244,0.600000023842
10_31_14_24_43_509.jpg,-0.385717779398,0.600000023842
10_31_14_24_43_540.jpg,-0.385717779398,0.600000023842
10_31_14_24_43_606.jpg,-0.406661719084,0.600000023842
10_31_14_24_43_642.jpg,-0.406661719084,0.600000023842
10_31_14_24_43_676.jpg,-0.406661719084,0.600000023842
10_31_14_24_43_708.jpg,-0.406661719084,0.600000023842
10_31_14_24_43_774.jpg,-0.406661719084,0.600000023842
10_31_14_24_43_808.jpg,-0.406661719084,0.600000023842
10_31_14_24_43_843.jpg,-0.373500466347,0.600000023842
10_31_14_24_43_872.jpg,-0.349065840244,0.600000023842
10_31_14_24_43_941.jpg,0.591666638851,0.600000023842
10_31_14_24_43_979.jpg,0.591666638851,0.600000023842
10_31_14_24_44_015.jpg,-0.563741326332,0.600000023842
10_31_14_24_44_038.jpg,-0.0680678412318,0.600000023842
10_31_14_24_44_111.jpg,-0.389208436012,0.600000023842
10_31_14_24_44_141.jpg,-0.389208436012,0.600000023842
10_31_14_24_44_172.jpg,-0.420624345541,0.600000023842
10_31_14_24_44_206.jpg,-0.452040284872,0.600000023842
10_31_14_24_44_274.jpg,-0.441568315029,0.600000023842
10_31_14_24_44_310.jpg,-0.535816073418,0.600000023842
10_31_14_24_44_340.jpg,-0.535816073418,0.600000023842
10_31_14_24_44_376.jpg,-0.476474881172,0.600000023842
10_31_14_24_44_456.jpg,-0.479965537786,0.600000023842
10_31_14_24_44_472.jpg,-0.483456194401,0.600000023842
10_31_14_24_44_505.jpg,-0.483456194401,0.600000023842
10_31_14_24_44_551.jpg,-0.476474881172,0.600000023842
10_31_14_24_44_613.jpg,-0.476474881172,0.600000023842
10_31_14_24_44_639.jpg,-0.481710880995,0.600000023842
10_31_14_24_44_676.jpg,-0.47822022438,0.600000023842
10_31_14_24_44_708.jpg,-0.47822022438,0.600000023842
10_31_14_24_44_776.jpg,-0.479965537786,0.600000023842
10_31_14_24_44_809.jpg,-0.479965537786,0.600000023842
10_31_14_24_44_839.jpg,-0.443313628435,0.600000023842
10_31_14_24_44_879.jpg,-0.483456194401,0.600000023842
10_31_14_24_44_942.jpg,-0.471238911152,0.600000023842
10_31_14_24_44_974.jpg,-0.471238911152,0.600000023842
10_31_14_24_45_012.jpg,-0.479965537786,0.600000023842
10_31_14_24_45_055.jpg,-0.460766911507,0.600000023842
10_31_14_24_45_111.jpg,-0.474729567766,0.600000023842
10_31_14_24_45_145.jpg,-0.474729567766,0.600000023842
10_31_14_24_45_180.jpg,-0.472984224558,0.600000023842
10_31_14_24_45_208.jpg,-0.464257568121,0.600000023842
10_31_14_24_45_278.jpg,-0.47822022438,0.600000023842
10_31_14_24_45_310.jpg,-0.471238911152,0.600000023842
10_31_14_24_45_346.jpg,-0.471238911152,0.600000023842
10_31_14_24_45_385.jpg,-0.49741885066,0.600000023842
10_31_14_24_45_448.jpg,-0.520108103752,0.600000023842
10_31_14_24_45_482.jpg,-0.446804285049,0.600000023842
10_31_14_24_45_510.jpg,-0.511381447315,0.600000023842
10_31_14_24_45_549.jpg,-0.481710880995,0.600000023842
10_31_14_24_45_612.jpg,-0.453785598278,0.600000023842
10_31_14_24_45_645.jpg,-0.511381447315,0.600000023842
10_31_14_24_45_677.jpg,-0.471238911152,0.600000023842
10_31_14_24_45_708.jpg,-0.471238911152,0.600000023842
10_31_14_24_45_778.jpg,-0.481710880995,0.600000023842
10_31_14_24_45_812.jpg,-0.450294941664,0.600000023842
10_31_14_24_45_843.jpg,-0.476474881172,0.600000023842
10_31_14_24_45_881.jpg,-0.457276254892,0.600000023842
10_31_14_24_45_950.jpg,-0.467748224735,0.600000023842
10_31_14_24_45_977.jpg,-0.467748224735,0.600000023842
10_31_14_24_46_011.jpg,-0.404916375875,0.600000023842
10_31_14_24_46_052.jpg,-0.460766911507,0.600000023842
10_31_14_24_46_117.jpg,-0.216420829296,0.600000023842
10_31_14_24_46_143.jpg,-0.216420829296,0.600000023842
10_31_14_24_46_178.jpg,-0.390953749418,0.600000023842
10_31_14_24_46_215.jpg,-0.34557518363,0.600000023842
10_31_14_24_46_277.jpg,-0.275762021542,0.600000023842
10_31_14_24_46_314.jpg,-0.284488677979,0.600000023842
10_31_14_24_46_347.jpg,-0.284488677979,0.600000023842
10_31_14_24_46_383.jpg,-0.216420829296,0.600000023842
10_31_14_24_46_448.jpg,-0.212930172682,0.600000023842
10_31_14_24_46_481.jpg,0.167551606894,0.600000023842
10_31_14_24_46_515.jpg,-0.0715584978461,0.600000023842
10_31_14_24_46_553.jpg,-0.0296705979854,0.600000023842
10_31_14_24_46_614.jpg,0.0261799395084,0.600000023842
10_31_14_24_46_648.jpg,0.150098308921,0.600000023842
10_31_14_24_46_681.jpg,0.115191727877,0.600000023842
10_31_14_24_46_715.jpg,0.0942477807403,0.600000023842
10_31_14_24_46_762.jpg,0.108210414648,0.600000023842
10_31_14_24_46_803.jpg,0.101229093969,0.600000023842
10_31_14_24_46_831.jpg,0.0977384373546,0.600000023842
10_31_14_24_46_859.jpg,0.0977384373546,0.600000023842
10_31_14_24_46_896.jpg,0.116937056184,0.600000023842
10_31_14_24_46_970.jpg,0.141371667385,0.600000023842
10_31_14_24_46_998.jpg,0.174532920122,0.600000023842
10_31_14_24_47_027.jpg,0.157079637051,0.600000023842
10_31_14_24_47_065.jpg,0.157079637051,0.600000023842
10_31_14_24_47_093.jpg,0.164060950279,0.600000023842
10_31_14_24_47_126.jpg,0.157079637051,0.600000023842
10_31_14_24_47_159.jpg,0.153588980436,0.600000023842
10_31_14_24_47_199.jpg,0.132645025849,0.600000023842
10_31_14_24_47_227.jpg,0.146607652307,0.600000023842
10_31_14_24_47_298.jpg,0.120427720249,0.600000023842
10_31_14_24_47_331.jpg,0.106465086341,0.600000023842
10_31_14_24_47_361.jpg,0.116937056184,0.600000023842
10_31_14_24_47_399.jpg,0.0977384373546,0.600000023842
10_31_14_24_47_426.jpg,0.0977384373546,0.600000023842
10_31_14_24_47_459.jpg,0.0837758034468,0.600000023842
10_31_14_24_47_492.jpg,0.0890117883682,0.600000023842
10_31_14_24_47_528.jpg,0.0785398185253,0.600000023842
10_31_14_24_47_562.jpg,0.0645771846175,0.600000023842
10_31_14_24_47_634.jpg,0.0575958639383,0.600000023842
10_31_14_24_47_664.jpg,0.0575958639383,0.600000023842
10_31_14_24_47_695.jpg,0.0383972451091,0.600000023842
10_31_14_24_47_726.jpg,0.0174532923847,0.600000023842
10_31_14_24_47_796.jpg,-0.00349065847695,0.600000023842
10_31_14_24_47_830.jpg,-0.0279252678156,0.600000023842
10_31_14_24_47_862.jpg,-0.0279252678156,0.600000023842
10_31_14_24_47_900.jpg,-0.0244346093386,0.600000023842
10_31_14_24_47_963.jpg,-0.0209439508617,0.600000023842
10_31_14_24_47_998.jpg,-0.090757124126,0.600000023842
10_31_14_24_48_026.jpg,-0.090757124126,0.600000023842
10_31_14_24_48_069.jpg,-0.0733038261533,0.600000023842
10_31_14_24_48_128.jpg,-0.0890117883682,0.600000023842
10_31_14_24_48_162.jpg,-0.143116995692,0.600000023842
10_31_14_24_48_195.jpg,-0.129154369235,0.600000023842
10_31_14_24_48_239.jpg,-0.129154369235,0.600000023842
10_31_14_24_48_299.jpg,-0.136135682464,0.600000023842
10_31_14_24_48_327.jpg,-0.158824965358,0.600000023842
10_31_14_24_48_360.jpg,-0.144862323999,0.600000023842
10_31_14_24_48_393.jpg,-0.148352980614,0.600000023842
10_31_14_24_48_467.jpg,-0.146607652307,0.600000023842
10_31_14_24_48_495.jpg,-0.146607652307,0.600000023842
10_31_14_24_48_531.jpg,-0.157079637051,0.600000023842
10_31_14_24_48_560.jpg,-0.164060950279,0.600000023842
10_31_14_24_48_628.jpg,-0.162315621972,0.600000023842
10_31_14_24_48_660.jpg,-0.162315621972,0.600000023842
10_31_14_24_48_693.jpg,-0.164060950279,0.600000023842
10_31_14_24_48_729.jpg,-0.169296935201,0.600000023842
10_31_14_24_48_759.jpg,-0.165806278586,0.600000023842
10_31_14_24_48_800.jpg,-0.160570293665,0.600000023842
10_31_14_24_48_825.jpg,-0.160570293665,0.600000023842
10_31_14_24_48_860.jpg,-0.158824965358,0.600000023842
10_31_14_24_48_893.jpg,-0.157079637051,0.600000023842
10_31_14_24_48_960.jpg,-0.153588980436,0.600000023842
10_31_14_24_48_996.jpg,-0.141371667385,0.600000023842
10_31_14_24_49_036.jpg,-0.141371667385,0.600000023842
10_31_14_24_49_071.jpg,-0.134390354156,0.600000023842
10_31_14_24_49_132.jpg,-0.134390354156,0.600000023842
10_31_14_24_49_162.jpg,-0.120427720249,0.600000023842
10_31_14_24_49_195.jpg,-0.129154369235,0.600000023842
10_31_14_24_49_229.jpg,-0.129154369235,0.600000023842
10_31_14_24_49_292.jpg,-0.125663712621,0.600000023842
10_31_14_24_49_328.jpg,-0.125663712621,0.600000023842
10_31_14_24_49_363.jpg,-0.118682391942,0.600000023842
10_31_14_24_49_395.jpg,-0.116937056184,0.600000023842
10_31_14_24_49_427.jpg,-0.115191727877,0.600000023842
10_31_14_24_49_463.jpg,-0.115191727877,0.600000023842
10_31_14_24_49_493.jpg,-0.108210414648,0.600000023842
10_31_14_24_49_527.jpg,-0.0994837656617,0.600000023842
10_31_14_24_49_562.jpg,-0.0977384373546,0.600000023842
10_31_14_24_49_634.jpg,-0.104719758034,0.600000023842
10_31_14_24_49_661.jpg,-0.104719758034,0.600000023842
10_31_14_24_49_694.jpg,-0.104719758034,0.600000023842
10_31_14_24_49_730.jpg,-0.0977384373546,0.600000023842
10_31_14_24_49_794.jpg,-0.0959931090474,0.600000023842
10_31_14_24_49_829.jpg,-0.0890117883682,0.600000023842
10_31_14_24_49_864.jpg,-0.0890117883682,0.600000023842
10_31_14_24_49_903.jpg,-0.0959931090474,0.600000023842
10_31_14_24_49_969.jpg,-0.101229093969,0.600000023842
10_31_14_24_50_004.jpg,-0.0977384373546,0.600000023842
10_31_14_24_50_028.jpg,-0.0977384373546,0.600000023842
10_31_14_24_50_059.jpg,-0.0977384373546,0.600000023842
10_31_14_24_50_128.jpg,-0.108210414648,0.600000023842
10_31_14_24_50_164.jpg,-0.106465086341,0.600000023842
10_31_14_24_50_200.jpg,-0.118682391942,0.600000023842
10_31_14_24_50_233.jpg,-0.11344639957,0.600000023842
10_31_14_24_50_303.jpg,-0.115191727877,0.600000023842
10_31_14_24_50_330.jpg,-0.127409040928,0.600000023842
10_31_14_24_50_361.jpg,-0.127409040928,0.600000023842
10_31_14_24_50_397.jpg,-0.136135682464,0.600000023842
10_31_14_24_50_426.jpg,-0.136135682464,0.600000023842
10_31_14_24_50_468.jpg,-0.134390354156,0.600000023842
10_31_14_24_50_497.jpg,-0.134390354156,0.600000023842
10_31_14_24_50_528.jpg,-0.132645025849,0.600000023842
10_31_14_24_50_565.jpg,-0.143116995692,0.600000023842
10_31_14_24_50_628.jpg,-0.130899697542,0.600000023842
10_31_14_24_50_661.jpg,-0.130899697542,0.600000023842
10_31_14_24_50_696.jpg,-0.155334308743,0.600000023842
10_31_14_24_50_742.jpg,-0.148352980614,0.600000023842
10_31_14_24_50_759.jpg,-0.146607652307,0.600000023842
10_31_14_24_50_795.jpg,-0.153588980436,0.600000023842
10_31_14_24_50_833.jpg,-0.151843652129,0.600000023842
10_31_14_24_50_865.jpg,-0.151843652129,0.600000023842
10_31_14_24_50_895.jpg,-0.153588980436,0.600000023842
10_31_14_24_50_960.jpg,-0.153588980436,0.600000023842
10_31_14_24_50_993.jpg,-0.171042263508,0.600000023842
10_31_14_24_51_037.jpg,-0.151843652129,0.600000023842
10_31_14_24_51_060.jpg,-0.151843652129,0.600000023842
10_31_14_24_51_129.jpg,-0.158824965358,0.600000023842
10_31_14_24_51_164.jpg,-0.179768919945,0.600000023842
10_31_14_24_51_197.jpg,-0.165806278586,0.600000023842
10_31_14_24_51_232.jpg,-0.160570293665,0.600000023842
10_31_14_24_51_259.jpg,-0.160570293665,0.600000023842
10_31_14_24_51_295.jpg,-0.164060950279,0.600000023842
10_31_14_24_51_326.jpg,-0.165806278586,0.600000023842
10_31_14_24_51_362.jpg,-0.151843652129,0.600000023842
10_31_14_24_51_397.jpg,-0.153588980436,0.600000023842
10_31_14_24_51_462.jpg,-0.146607652307,0.600000023842
10_31_14_24_51_494.jpg,-0.146607652307,0.600000023842
10_31_14_24_51_528.jpg,-0.141371667385,0.600000023842
10_31_14_24_51_561.jpg,-0.143116995692,0.600000023842
10_31_14_24_51_626.jpg,-0.151843652129,0.600000023842
10_31_14_24_51_667.jpg,-0.151843652129,0.600000023842
10_31_14_24_51_693.jpg,-0.102974422276,0.600000023842
10_31_14_24_51_730.jpg,-0.218166157603,0.600000023842
10_31_14_24_51_796.jpg,-0.169296935201,0.600000023842
10_31_14_24_51_830.jpg,-0.185004904866,0.600000023842
10_31_14_24_51_861.jpg,-0.185004904866,0.600000023842
10_31_14_24_51_893.jpg,-0.179768919945,0.600000023842
10_31_14_24_51_964.jpg,-0.185004904866,0.600000023842
10_31_14_24_51_997.jpg,-0.186750233173,0.600000023842
10_31_14_24_52_026.jpg,-0.186750233173,0.600000023842
10_31_14_24_52_059.jpg,-0.183259576559,0.600000023842
10_31_14_24_52_129.jpg,-0.183259576559,0.600000023842
10_31_14_24_52_162.jpg,-0.188495561481,0.600000023842
10_31_14_24_52_198.jpg,-0.190240889788,0.600000023842
10_31_14_24_52_232.jpg,-0.197222203016,0.600000023842
10_31_14_24_52_300.jpg,-0.195476874709,0.600000023842
10_31_14_24_52_330.jpg,-0.212930172682,0.600000023842
10_31_14_24_52_365.jpg,-0.214675500989,0.600000023842
10_31_14_24_52_397.jpg,-0.21991148591,0.600000023842
10_31_14_24_52_426.jpg,-0.21991148591,0.600000023842
10_31_14_24_52_463.jpg,-0.240855440497,0.600000023842
10_31_14_24_52_497.jpg,-0.246091425419,0.600000023842
10_31_14_24_52_527.jpg,-0.242600768805,0.600000023842
10_31_14_24_52_564.jpg,-0.246091425419,0.600000023842
10_31_14_24_52_628.jpg,-0.244346097112,0.600000023842
10_31_14_24_52_664.jpg,-0.244346097112,0.600000023842
10_31_14_24_52_703.jpg,-0.225147470832,0.600000023842
10_31_14_24_52_732.jpg,-0.230383455753,0.600000023842
10_31_14_24_52_800.jpg,-0.223402142525,0.600000023842
10_31_14_24_52_832.jpg,-0.209439516068,0.600000023842
10_31_14_24_52_864.jpg,-0.209439516068,0.600000023842
10_31_14_24_52_895.jpg,-0.212930172682,0.600000023842
10_31_14_24_52_961.jpg,-0.202458187938,0.600000023842
10_31_14_24_53_028.jpg,-0.191986218095,0.600000023842
10_31_14_24_53_061.jpg,-0.191986218095,0.600000023842
10_31_14_24_53_125.jpg,-0.185004904866,0.600000023842
10_31_14_24_53_160.jpg,-0.174532920122,0.600000023842
10_31_14_24_53_200.jpg,-0.188495561481,0.600000023842
10_31_14_24_53_235.jpg,-0.172787591815,0.600000023842
10_31_14_24_53_300.jpg,-0.172787591815,0.600000023842
10_31_14_24_53_328.jpg,-0.164060950279,0.600000023842
10_31_14_24_53_360.jpg,-0.153588980436,0.600000023842
10_31_14_24_53_393.jpg,-0.162315621972,0.600000023842
10_31_14_24_53_469.jpg,-0.155334308743,0.600000023842
10_31_14_24_53_494.jpg,-0.155334308743,0.600000023842
10_31_14_24_53_532.jpg,-0.157079637051,0.600000023842
10_31_14_24_53_565.jpg,-0.146607652307,0.600000023842
10_31_14_24_53_629.jpg,-0.158824965358,0.600000023842
10_31_14_24_53_663.jpg,-0.158824965358,0.600000023842
10_31_14_24_53_696.jpg,-0.139626339078,0.600000023842
10_31_14_24_53_733.jpg,-0.148352980614,0.600000023842
10_31_14_24_53_759.jpg,-0.148352980614,0.600000023842
10_31_14_24_53_795.jpg,-0.148352980614,0.600000023842
10_31_14_24_53_827.jpg,-0.143116995692,0.600000023842
10_31_14_24_53_861.jpg,-0.143116995692,0.600000023842
10_31_14_24_53_897.jpg,-0.157079637051,0.600000023842
10_31_14_24_53_934.jpg,-0.150098308921,0.600000023842
10_31_14_24_53_964.jpg,-0.151843652129,0.600000023842
10_31_14_24_53_993.jpg,-0.157079637051,0.600000023842
10_31_14_24_54_031.jpg,-0.164060950279,0.600000023842
10_31_14_24_54_061.jpg,-0.164060950279,0.600000023842
10_31_14_24_54_127.jpg,-0.178023576736,0.600000023842
10_31_14_24_54_163.jpg,-0.188495561481,0.600000023842
10_31_14_24_54_193.jpg,-0.185004904866,0.600000023842
10_31_14_24_54_227.jpg,-0.185004904866,0.600000023842
10_31_14_24_54_295.jpg,-0.195476874709,0.600000023842
10_31_14_24_54_327.jpg,-0.200712859631,0.600000023842
10_31_14_24_54_360.jpg,-0.200712859631,0.600000023842
10_31_14_24_54_402.jpg,-0.198967531323,0.600000023842
10_31_14_24_54_432.jpg,-0.190240889788,0.600000023842
10_31_14_24_54_462.jpg,-0.190240889788,0.600000023842
10_31_14_24_54_497.jpg,-0.198967531323,0.600000023842
10_31_14_24_54_530.jpg,-0.197222203016,0.600000023842
10_31_14_24_54_560.jpg,-0.197222203016,0.600000023842
10_31_14_24_54_594.jpg,-0.218166157603,0.600000023842
10_31_14_24_54_625.jpg,-0.218166157603,0.600000023842
10_31_14_24_54_658.jpg,-0.188495561481,0.600000023842
10_31_14_24_54_697.jpg,-0.204203516245,0.600000023842
10_31_14_24_54_730.jpg,-0.221656814218,0.600000023842
10_31_14_24_54_797.jpg,-0.202458187938,0.600000023842
10_31_14_24_54_832.jpg,-0.211184844375,0.600000023842
10_31_14_24_54_865.jpg,-0.211184844375,0.600000023842
10_31_14_24_54_902.jpg,-0.212930172682,0.600000023842
10_31_14_24_54_967.jpg,-0.190240889788,0.600000023842
10_31_14_24_54_996.jpg,-0.233874112368,0.600000023842
10_31_14_24_55_029.jpg,-0.211184844375,0.600000023842
10_31_14_24_55_064.jpg,-0.211184844375,0.600000023842
10_31_14_24_55_132.jpg,-0.225147470832,0.600000023842
10_31_14_24_55_165.jpg,-0.216420829296,0.600000023842
10_31_14_24_55_198.jpg,-0.21991148591,0.600000023842
10_31_14_24_55_230.jpg,-0.214675500989,0.600000023842
10_31_14_24_55_294.jpg,-0.212930172682,0.600000023842
10_31_14_24_55_331.jpg,-0.200712859631,0.600000023842
10_31_14_24_55_360.jpg,-0.211184844375,0.600000023842
10_31_14_24_55_403.jpg,-0.205948844552,0.600000023842
10_31_14_24_55_465.jpg,-0.209439516068,0.600000023842
10_31_14_24_55_498.jpg,-0.204203516245,0.600000023842
10_31_14_24_55_533.jpg,-0.204203516245,0.600000023842
10_31_14_24_55_566.jpg,-0.20769418776,0.600000023842
10_31_14_24_55_630.jpg,-0.212930172682,0.600000023842
10_31_14_24_55_662.jpg,-0.212930172682,0.600000023842
10_31_14_24_55_694.jpg,-0.204203516245,0.600000023842
10_31_14_24_55_730.jpg,-0.23911011219,0.600000023842
10_31_14_24_55_796.jpg,-0.237364783883,0.600000023842
10_31_14_24_55_831.jpg,-0.23212878406,0.600000023842
10_31_14_24_55_862.jpg,-0.23212878406,0.600000023842
10_31_14_24_55_893.jpg,-0.244346097112,0.600000023842
10_31_14_24_55_966.jpg,-0.242600768805,0.600000023842
10_31_14_24_55_993.jpg,-0.240855440497,0.600000023842
10_31_14_24_56_028.jpg,-0.242600768805,0.600000023842
10_31_14_24_56_070.jpg,-0.23911011219,0.600000023842
10_31_14_24_56_136.jpg,-0.23911011219,0.600000023842
10_31_14_24_56_164.jpg,-0.230383455753,0.600000023842
10_31_14_24_56_194.jpg,-0.223402142525,0.600000023842
10_31_14_24_56_229.jpg,-0.225147470832,0.600000023842
10_31_14_24_56_296.jpg,-0.212930172682,0.600000023842
10_31_14_24_56_327.jpg,-0.20769418776,0.600000023842
10_31_14_24_56_365.jpg,-0.202458187938,0.600000023842
10_31_14_24_56_392.jpg,-0.202458187938,0.600000023842
10_31_14_24_56_468.jpg,-0.193731546402,0.600000023842
10_31_14_24_56_499.jpg,-0.193731546402,0.600000023842
10_31_14_24_56_529.jpg,-0.181514248252,0.600000023842
10_31_14_24_56_559.jpg,-0.186750233173,0.600000023842
10_31_14_24_56_593.jpg,-0.174532920122,0.600000023842
10_31_14_24_56_627.jpg,-0.174532920122,0.600000023842
10_31_14_24_56_667.jpg,-0.158824965358,0.600000023842
10_31_14_24_56_701.jpg,-0.158824965358,0.600000023842
10_31_14_24_56_736.jpg,-0.153588980436,0.600000023842
10_31_14_24_56_793.jpg,-0.148352980614,0.600000023842
10_31_14_24_56_827.jpg,-0.127409040928,0.600000023842
10_31_14_24_56_864.jpg,-0.127409040928,0.600000023842
10_31_14_24_56_900.jpg,-0.134390354156,0.600000023842
10_31_14_24_56_929.jpg,-0.125663712621,0.600000023842
10_31_14_24_56_959.jpg,-0.125663712621,0.600000023842
10_31_14_24_56_993.jpg,-0.116937056184,0.600000023842
10_31_14_24_57_026.jpg,-0.116937056184,0.600000023842
10_31_14_24_57_060.jpg,-0.122173048556,0.600000023842
10_31_14_24_57_129.jpg,-0.111701071262,0.600000023842
10_31_14_24_57_166.jpg,-0.102974422276,0.600000023842
10_31_14_24_57_196.jpg,-0.0977384373546,0.600000023842
10_31_14_24_57_234.jpg,-0.0977384373546,0.600000023842
10_31_14_24_57_267.jpg,-0.090757124126,0.600000023842
10_31_14_24_57_296.jpg,-0.090757124126,0.600000023842
10_31_14_24_57_330.jpg,-0.0872664600611,0.600000023842
10_31_14_24_57_365.jpg,-0.0837758034468,0.600000023842
10_31_14_24_57_395.jpg,-0.0802851468325,0.600000023842
10_31_14_24_57_427.jpg,-0.0802851468325,0.600000023842
10_31_14_24_57_465.jpg,-0.0767944902182,0.600000023842
10_31_14_24_57_499.jpg,-0.0733038261533,0.600000023842
10_31_14_24_57_532.jpg,-0.0628318563104,0.600000023842
10_31_14_24_57_576.jpg,-0.0628318563104,0.600000023842
10_31_14_24_57_639.jpg,-0.0593411959708,0.600000023842
10_31_14_24_57_667.jpg,-0.045378562063,0.600000023842
10_31_14_24_57_700.jpg,-0.045378562063,0.600000023842
10_31_14_24_57_734.jpg,-0.0506145469844,0.600000023842
10_31_14_24_57_762.jpg,-0.0436332300305,0.600000023842
10_31_14_24_57_795.jpg,-0.045378562063,0.600000023842
10_31_14_24_57_830.jpg,-0.0383972451091,0.600000023842
10_31_14_24_57_865.jpg,-0.0383972451091,0.600000023842
10_31_14_24_57_894.jpg,-0.045378562063,0.600000023842
10_31_14_24_57_965.jpg,-0.0366519130766,0.600000023842
10_31_14_24_58_000.jpg,-0.0349065847695,0.600000023842
10_31_14_24_58_033.jpg,-0.0331612564623,0.600000023842
10_31_14_24_58_066.jpg,-0.0331612564623,0.600000023842
10_31_14_24_58_136.jpg,-0.0296705979854,0.600000023842
10_31_14_24_58_164.jpg,-0.0279252678156,0.600000023842
10_31_14_24_58_196.jpg,-0.0261799395084,0.600000023842
10_31_14_24_58_234.jpg,-0.0244346093386,0.600000023842
10_31_14_24_58_299.jpg,-0.0226892810315,0.600000023842
10_31_14_24_58_332.jpg,-0.0226892810315,0.600000023842
10_31_14_24_58_370.jpg,-0.0244346093386,0.600000023842
10_31_14_24_58_397.jpg,-0.0191986225545,0.600000023842
10_31_14_24_58_468.jpg,-0.0174532923847,0.600000023842
10_31_14_24_58_497.jpg,-0.0174532923847,0.600000023842
10_31_14_24_58_530.jpg,-0.0157079640776,0.600000023842
10_31_14_24_58_562.jpg,-0.0122173046693,0.600000023842
10_31_14_24_58_598.jpg,-0.0104719754308,0.600000023842
10_31_14_24_58_629.jpg,-0.00872664619237,0.600000023842
10_31_14_24_58_670.jpg,-0.0069813169539,0.600000023842
10_31_14_24_58_702.jpg,-0.0069813169539,0.600000023842
10_31_14_24_58_736.jpg,-0.00872664619237,0.600000023842
10_31_14_24_58_803.jpg,-0.00872664619237,0.600000023842
10_31_14_24_58_836.jpg,-0.00349065847695,0.600000023842
10_31_14_24_58_866.jpg,-0.00349065847695,0.600000023842
10_31_14_24_58_897.jpg,-0.0069813169539,0.600000023842
10_31_14_24_58_968.jpg,-0.0069813169539,0.600000023842
10_31_14_24_59_002.jpg,-0.0069813169539,0.600000023842
10_31_14_24_59_032.jpg,-0.0069813169539,0.600000023842
10_31_14_24_59_069.jpg,-0.00174532923847,0.600000023842
10_31_14_24_59_132.jpg,-0.00523598771542,0.600000023842
10_31_14_24_59_172.jpg,-0.00523598771542,0.600000023842
10_31_14_24_59_202.jpg,-0.00523598771542,0.600000023842
10_31_14_24_59_234.jpg,-0.00523598771542,0.600000023842
10_31_14_24_59_301.jpg,-0.0104719754308,0.600000023842
10_31_14_24_59_330.jpg,-0.0069813169539,0.600000023842
10_31_14_24_59_367.jpg,-0.0122173046693,0.600000023842
10_31_14_24_59_409.jpg,-0.00872664619237,0.600000023842
10_31_14_24_59_464.jpg,-0.0139626339078,0.600000023842
10_31_14_24_59_504.jpg,-0.0139626339078,0.600000023842
10_31_14_24_59_533.jpg,-0.0174532923847,0.600000023842
10_31_14_24_59_574.jpg,-0.0191986225545,0.600000023842
10_31_14_24_59_632.jpg,-0.0157079640776,0.600000023842
10_31_14_24_59_665.jpg,-0.0157079640776,0.600000023842
10_31_14_24_59_703.jpg,-0.0209439508617,0.600000023842
10_31_14_24_59_731.jpg,-0.0244346093386,0.600000023842
10_31_14_24_59_801.jpg,-0.0209439508617,0.600000023842
10_31_14_24_59_831.jpg,-0.0314159281552,0.600000023842
10_31_14_24_59_865.jpg,-0.0314159281552,0.600000023842
10_31_14_24_59_899.jpg,-0.0244346093386,0.600000023842
10_31_14_24_59_968.jpg,-0.0261799395084,0.600000023842
10_31_14_25_00_002.jpg,-0.0523598790169,0.600000023842
10_31_14_25_00_036.jpg,-0.045378562063,0.600000023842
10_31_14_25_00_065.jpg,-0.045378562063,0.600000023842
10_31_14_25_00_136.jpg,-0.0506145469844,0.600000023842
10_31_14_25_00_170.jpg,-0.054105207324,0.600000023842
10_31_14_25_00_198.jpg,-0.0523598790169,0.600000023842
10_31_14_25_00_232.jpg,-0.0488692186773,0.600000023842
10_31_14_25_00_299.jpg,-0.0593411959708,0.600000023842
10_31_14_25_00_338.jpg,-0.0593411959708,0.600000023842
10_31_14_25_00_369.jpg,-0.0628318563104,0.600000023842
10_31_14_25_00_410.jpg,-0.069813169539,0.600000023842
10_31_14_25_00_471.jpg,-0.0733038261533,0.600000023842
10_31_14_25_00_499.jpg,-0.0733038261533,0.600000023842
10_31_14_25_00_531.jpg,-0.134390354156,0.600000023842
10_31_14_25_00_574.jpg,-0.0994837656617,0.600000023842
10_31_14_25_00_638.jpg,-0.11344639957,0.600000023842
10_31_14_25_00_672.jpg,-0.109955742955,0.600000023842
10_31_14_25_00_704.jpg,-0.109955742955,0.600000023842
10_31_14_25_00_738.jpg,-0.102974422276,0.600000023842
10_31_14_25_00_801.jpg,-0.0715584978461,0.600000023842
10_31_14_25_00_839.jpg,-0.230383455753,0.600000023842
10_31_14_25_00_868.jpg,-0.165806278586,0.600000023842
10_31_14_25_00_906.jpg,-0.165806278586,0.600000023842
10_31_14_25_00_973.jpg,-0.195476874709,0.600000023842
10_31_14_25_01_001.jpg,-0.221656814218,0.600000023842
10_31_14_25_01_037.jpg,-0.211184844375,0.600000023842
10_31_14_25_01_066.jpg,-0.211184844375,0.600000023842
10_31_14_25_01_135.jpg,-0.221656814218,0.600000023842
10_31_14_25_01_174.jpg,-0.221656814218,0.600000023842
10_31_14_25_01_202.jpg,-0.244346097112,0.600000023842
10_31_14_25_01_245.jpg,-0.249582082033,0.600000023842
10_31_14_25_01_303.jpg,-0.300196617842,0.600000023842
10_31_14_25_01_334.jpg,-0.300196617842,0.600000023842
10_31_14_25_01_374.jpg,-0.343829870224,0.600000023842
10_31_14_25_01_404.jpg,-0.30194196105,0.600000023842
10_31_14_25_01_472.jpg,-0.333357900381,0.600000023842
10_31_14_25_01_505.jpg,-0.333357900381,0.600000023842
10_31_14_25_01_537.jpg,-0.354301840067,0.600000023842
10_31_14_25_01_573.jpg,-0.331612557173,0.600000023842
10_31_14_25_01_642.jpg,-0.333357900381,0.600000023842
10_31_14_25_01_675.jpg,-0.35953783989,0.600000023842
10_31_14_25_01_704.jpg,-0.35953783989,0.600000023842
10_31_14_25_01_751.jpg,-0.736528933048,0.600000023842
10_31_14_25_01_805.jpg,-0.471238911152,0.600000023842
10_31_14_25_01_837.jpg,-0.476474881172,0.600000023842
10_31_14_25_01_874.jpg,-0.457276254892,0.600000023842
10_31_14_25_01_910.jpg,-0.452040284872,0.600000023842
10_31_14_25_01_975.jpg,-0.457276254892,0.600000023842
10_31_14_25_02_005.jpg,-0.439822971821,0.600000023842
10_31_14_25_02_035.jpg,-0.443313628435,0.600000023842
10_31_14_25_02_070.jpg,-0.443313628435,0.600000023842
10_31_14_25_02_142.jpg,-0.40840703249,0.600000023842
10_31_14_25_02_171.jpg,-0.40840703249,0.600000023842
10_31_14_25_02_205.jpg,-0.40840703249,0.600000023842
10_31_14_25_02_240.jpg,-0.40840703249,0.600000023842
10_31_14_25_02_308.jpg,-0.40840703249,0.600000023842
10_31_14_25_02_345.jpg,-0.40840703249,0.600000023842
10_31_14_25_02_373.jpg,-0.40840703249,0.600000023842
10_31_14_25_02_410.jpg,-0.40840703249,0.600000023842
10_31_14_25_02_471.jpg,0.546288073063,0.600000023842
10_31_14_25_02_507.jpg,0.546288073063,0.600000023842
10_31_14_25_02_539.jpg,-0.0593411959708,0.600000023842
10_31_14_25_02_570.jpg,-0.418879032135,0.600000023842
10_31_14_25_02_642.jpg,-0.417133688927,0.600000023842
10_31_14_25_02_674.jpg,-0.472984224558,0.600000023842
10_31_14_25_02_708.jpg,-0.453785598278,0.600000023842
10_31_14_25_02_735.jpg,-0.453785598278,0.600000023842
10_31_14_25_02_808.jpg,-0.47822022438,0.600000023842
10_31_14_25_02_843.jpg,-0.445058971643,0.600000023842
10_31_14_25_02_873.jpg,-0.520108103752,0.600000023842
10_31_14_25_02_902.jpg,-0.520108103752,0.600000023842
10_31_14_25_02_972.jpg,-0.493928164244,0.600000023842
10_31_14_25_03_003.jpg,-0.493928164244,0.600000023842
10_31_14_25_03_037.jpg,-0.49741885066,0.600000023842
10_31_14_25_03_074.jpg,-0.504400134087,0.600000023842
10_31_14_25_03_139.jpg,-0.502654850483,0.600000023842
10_31_14_25_03_172.jpg,-0.504400134087,0.600000023842
10_31_14_25_03_205.jpg,-0.500909507275,0.600000023842
10_31_14_25_03_241.jpg,-0.500909507275,0.600000023842
10_31_14_25_03_304.jpg,-0.500909507275,0.600000023842
10_31_14_25_03_337.jpg,-0.500909507275,0.600000023842
10_31_14_25_03_374.jpg,-0.495673507452,0.600000023842
10_31_14_25_03_404.jpg,-0.471238911152,0.600000023842
10_31_14_25_03_470.jpg,-0.504400134087,0.600000023842
10_31_14_25_03_506.jpg,-0.504400134087,0.600000023842
10_31_14_25_03_539.jpg,-0.483456194401,0.600000023842
10_31_14_25_03_571.jpg,-0.474729567766,0.600000023842
10_31_14_25_03_640.jpg,-0.537561416626,0.600000023842
10_31_14_25_03_671.jpg,-0.493928164244,0.600000023842
10_31_14_25_03_712.jpg,-0.486946851015,0.600000023842
10_31_14_25_03_738.jpg,-0.486946851015,0.600000023842
10_31_14_25_03_805.jpg,-0.511381447315,0.600000023842
10_31_14_25_03_839.jpg,-0.476474881172,0.600000023842
10_31_14_25_03_874.jpg,-0.495673507452,0.600000023842
10_31_14_25_03_904.jpg,-0.495673507452,0.600000023842
10_31_14_25_03_971.jpg,-0.507890820503,0.600000023842
10_31_14_25_04_005.jpg,-0.481710880995,0.600000023842
10_31_14_25_04_040.jpg,-0.502654850483,0.600000023842
10_31_14_25_04_072.jpg,-0.495673507452,0.600000023842
10_31_14_25_04_140.jpg,-0.506145477295,0.600000023842
10_31_14_25_04_173.jpg,-0.499164164066,0.600000023842
10_31_14_25_04_205.jpg,-0.499164164066,0.600000023842
10_31_14_25_04_257.jpg,-0.488692194223,0.600000023842
10_31_14_25_04_323.jpg,-0.495673507452,0.600000023842
10_31_14_25_04_375.jpg,-0.490437507629,0.600000023842
10_31_14_25_04_408.jpg,-0.483456194401,0.600000023842
10_31_14_25_04_480.jpg,-0.479965537786,0.600000023842
10_31_14_25_04_511.jpg,-0.476474881172,0.600000023842
10_31_14_25_04_550.jpg,-0.450294941664,0.600000023842
10_31_14_25_04_578.jpg,-0.450294941664,0.600000023842
10_31_14_25_04_653.jpg,-0.462512254715,0.600000023842
10_31_14_25_04_673.jpg,-0.424115002155,0.600000023842
10_31_14_25_04_705.jpg,-0.424115002155,0.600000023842
10_31_14_25_04_746.jpg,-0.441568315029,0.600000023842
10_31_14_25_04_809.jpg,-0.506145477295,0.600000023842
10_31_14_25_04_879.jpg,-0.216420829296,0.600000023842
10_31_14_25_04_906.jpg,-0.216420829296,0.600000023842
10_31_14_25_04_975.jpg,-0.38397243619,0.600000023842
10_31_14_25_05_014.jpg,-0.38397243619,0.600000023842
10_31_14_25_05_039.jpg,-0.0244346093386,0.600000023842
10_31_14_25_05_076.jpg,-0.0890117883682,0.600000023842
10_31_14_25_05_144.jpg,-0.0628318563104,0.600000023842
10_31_14_25_05_211.jpg,-0.00349065847695,0.600000023842
10_31_14_25_05_239.jpg,-0.00349065847695,0.600000023842
10_31_14_25_05_312.jpg,0.045378562063,0.600000023842
10_31_14_25_05_351.jpg,0.130899697542,0.600000023842
10_31_14_25_05_376.jpg,0.130899697542,0.600000023842
10_31_14_25_05_409.jpg,0.0890117883682,0.600000023842
10_31_14_25_05_477.jpg,0.102974422276,0.600000023842
10_31_14_25_05_540.jpg,0.143116995692,0.600000023842
10_31_14_25_05_574.jpg,0.143116995692,0.600000023842
10_31_14_25_05_644.jpg,0.153588980436,0.600000023842
10_31_14_25_05_676.jpg,0.176278248429,0.600000023842
10_31_14_25_05_709.jpg,0.155334308743,0.600000023842
10_31_14_25_05_751.jpg,0.158824965358,0.600000023842
10_31_14_25_05_809.jpg,0.146607652307,0.600000023842
10_31_14_25_05_844.jpg,0.144862323999,0.600000023842
10_31_14_25_05_876.jpg,0.148352980614,0.600000023842
10_31_14_25_05_907.jpg,0.132645025849,0.600000023842
10_31_14_25_05_976.jpg,0.127409040928,0.600000023842
10_31_14_25_06_009.jpg,0.101229093969,0.600000023842
10_31_14_25_06_044.jpg,0.0942477807403,0.600000023842
10_31_14_25_06_079.jpg,0.104719758034,0.600000023842
10_31_14_25_06_141.jpg,0.111701071262,0.600000023842
10_31_14_25_06_175.jpg,0.111701071262,0.600000023842
10_31_14_25_06_211.jpg,0.0331612564623,0.600000023842
10_31_14_25_06_246.jpg,0.0523598790169,0.600000023842
10_31_14_25_06_309.jpg,0.0436332300305,0.600000023842
10_31_14_25_06_341.jpg,0.0436332300305,0.600000023842
10_31_14_25_06_381.jpg,0.00349065847695,0.600000023842
10_31_14_25_06_410.jpg,0.0209439508617,0.600000023842
10_31_14_25_06_476.jpg,0.00174532923847,0.600000023842
10_31_14_25_06_516.jpg,-0.054105207324,0.600000023842
10_31_14_25_06_546.jpg,-0.054105207324,0.600000023842
10_31_14_25_06_576.jpg,-0.0314159281552,0.600000023842
10_31_14_25_06_646.jpg,-0.0523598790169,0.600000023842
10_31_14_25_06_676.jpg,-0.0942477807403,0.600000023842
10_31_14_25_06_712.jpg,-0.0785398185253,0.600000023842
10_31_14_25_06_751.jpg,-0.0785398185253,0.600000023842
10_31_14_25_06_819.jpg,-0.102974422276,0.600000023842
10_31_14_25_06_852.jpg,-0.129154369235,0.600000023842
10_31_14_25_06_877.jpg,-0.118682391942,0.600000023842
10_31_14_25_06_919.jpg,-0.130899697542,0.600000023842
10_31_14_25_06_979.jpg,-0.129154369235,0.600000023842
10_31_14_25_07_010.jpg,-0.155334308743,0.600000023842
10_31_14_25_07_047.jpg,-0.146607652307,0.600000023842
10_31_14_25_07_077.jpg,-0.151843652129,0.600000023842
10_31_14_25_07_146.jpg,-0.157079637051,0.600000023842
10_31_14_25_07_181.jpg,-0.157079637051,0.600000023842
10_31_14_25_07_212.jpg,-0.162315621972,0.600000023842
10_31_14_25_07_243.jpg,-0.160570293665,0.600000023842
10_31_14_25_07_313.jpg,-0.162315621972,0.600000023842
10_31_14_25_07_348.jpg,-0.169296935201,0.600000023842
10_31_14_25_07_379.jpg,-0.169296935201,0.600000023842
10_31_14_25_07_418.jpg,-0.162315621972,0.600000023842
10_31_14_25_07_483.jpg,-0.157079637051,0.600000023842
10_31_14_25_07_513.jpg,-0.160570293665,0.600000023842
10_31_14_25_07_581.jpg,-0.155334308743,0.600000023842
10_31_14_25_07_649.jpg,-0.143116995692,0.600000023842
10_31_14_25_07_718.jpg,-0.137881010771,0.600000023842
10_31_14_25_07_748.jpg,-0.132645025849,0.600000023842
10_31_14_25_07_815.jpg,-0.132645025849,0.600000023842
10_31_14_25_07_848.jpg,-0.129154369235,0.600000023842
10_31_14_25_07_883.jpg,-0.125663712621,0.600000023842
10_31_14_25_07_916.jpg,-0.127409040928,0.600000023842
10_31_14_25_08_002.jpg,-0.115191727877,0.600000023842
10_31_14_25_08_049.jpg,-0.115191727877,0.600000023842
10_31_14_25_08_084.jpg,-0.106465086341,0.600000023842
10_31_14_25_08_154.jpg,-0.116937056184,0.600000023842
10_31_14_25_08_188.jpg,-0.106465086341,0.600000023842
10_31_14_25_08_211.jpg,-0.106465086341,0.600000023842
10_31_14_25_08_245.jpg,-0.101229093969,0.600000023842
10_31_14_25_08_321.jpg,-0.102974422276,0.600000023842
10_31_14_25_08_349.jpg,-0.111701071262,0.600000023842
10_31_14_25_08_379.jpg,-0.111701071262,0.600000023842
10_31_14_25_08_420.jpg,-0.102974422276,0.600000023842
10_31_14_25_08_484.jpg,-0.102974422276,0.600000023842
10_31_14_25_08_516.jpg,-0.0925024524331,0.600000023842
10_31_14_25_08_582.jpg,-0.0942477807403,0.600000023842
10_31_14_25_08_654.jpg,-0.0977384373546,0.600000023842
10_31_14_25_08_679.jpg,-0.108210414648,0.600000023842
10_31_14_25_08_713.jpg,-0.106465086341,0.600000023842
10_31_14_25_08_745.jpg,-0.106465086341,0.600000023842
10_31_14_25_08_815.jpg,-0.102974422276,0.600000023842
10_31_14_25_08_884.jpg,-0.116937056184,0.600000023842
10_31_14_25_08_924.jpg,-0.125663712621,0.600000023842
10_31_14_25_08_980.jpg,-0.125663712621,0.600000023842
10_31_14_25_09_013.jpg,-0.120427720249,0.600000023842
10_31_14_25_09_049.jpg,-0.115191727877,0.600000023842
10_31_14_25_09_085.jpg,-0.132645025849,0.600000023842
10_31_14_25_09_148.jpg,-0.130899697542,0.600000023842
10_31_14_25_09_183.jpg,-0.130899697542,0.600000023842
10_31_14_25_09_220.jpg,-0.153588980436,0.600000023842
10_31_14_25_09_249.jpg,-0.137881010771,0.600000023842
10_31_14_25_09_315.jpg,-0.148352980614,0.600000023842
10_31_14_25_09_383.jpg,-0.146607652307,0.600000023842
10_31_14_25_09_416.jpg,-0.146607652307,0.600000023842
10_31_14_25_09_485.jpg,-0.157079637051,0.600000023842
10_31_14_25_09_517.jpg,-0.155334308743,0.600000023842
10_31_14_25_09_552.jpg,-0.151843652129,0.600000023842
10_31_14_25_09_587.jpg,-0.151843652129,0.600000023842
10_31_14_25_09_650.jpg,-0.151843652129,0.600000023842
10_31_14_25_09_686.jpg,-0.176278248429,0.600000023842
10_31_14_25_09_721.jpg,-0.167551606894,0.600000023842
10_31_14_25_09_752.jpg,-0.158824965358,0.600000023842
10_31_14_25_09_822.jpg,-0.188495561481,0.600000023842
10_31_14_25_09_850.jpg,-0.171042263508,0.600000023842
10_31_14_25_09_886.jpg,-0.160570293665,0.600000023842
10_31_14_25_09_914.jpg,-0.167551606894,0.600000023842
10_31_14_25_09_984.jpg,-0.146607652307,0.600000023842
10_31_14_25_10_015.jpg,-0.146607652307,0.600000023842
10_31_14_25_10_048.jpg,-0.155334308743,0.600000023842
10_31_14_25_10_084.jpg,-0.146607652307,0.600000023842
10_31_14_25_10_153.jpg,-0.158824965358,0.600000023842
10_31_14_25_10_218.jpg,-0.144862323999,0.600000023842
10_31_14_25_10_256.jpg,-0.144862323999,0.600000023842
10_31_14_25_10_323.jpg,-0.153588980436,0.600000023842
10_31_14_25_10_353.jpg,-0.148352980614,0.600000023842
10_31_14_25_10_382.jpg,-0.148352980614,0.600000023842
10_31_14_25_10_433.jpg,-0.186750233173,0.600000023842
10_31_14_25_10_495.jpg,-0.186750233173,0.600000023842
10_31_14_25_10_514.jpg,-0.183259576559,0.600000023842
10_31_14_25_10_557.jpg,-0.188495561481,0.600000023842
10_31_14_25_10_582.jpg,-0.195476874709,0.600000023842
10_31_14_25_10_652.jpg,-0.172787591815,0.600000023842
10_31_14_25_10_685.jpg,-0.193731546402,0.600000023842
10_31_14_25_10_722.jpg,-0.176278248429,0.600000023842
10_31_14_25_10_760.jpg,-0.188495561481,0.600000023842
10_31_14_25_10_820.jpg,-0.185004904866,0.600000023842
10_31_14_25_10_855.jpg,-0.185004904866,0.600000023842
10_31_14_25_10_920.jpg,-0.198967531323,0.600000023842
10_31_14_25_10_985.jpg,-0.212930172682,0.600000023842
10_31_14_25_11_018.jpg,-0.212930172682,0.600000023842
10_31_14_25_11_091.jpg,-0.225147470832,0.600000023842
10_31_14_25_11_163.jpg,-0.253072738647,0.600000023842
10_31_14_25_11_186.jpg,-0.246091425419,0.600000023842
10_31_14_25_11_223.jpg,-0.246091425419,0.600000023842
10_31_14_25_11_251.jpg,-0.228638127446,0.600000023842
10_31_14_25_11_317.jpg,-0.230383455753,0.600000023842
10_31_14_25_11_353.jpg,-0.244346097112,0.600000023842
10_31_14_25_11_389.jpg,-0.226892799139,0.600000023842
10_31_14_25_11_420.jpg,-0.226892799139,0.600000023842
10_31_14_25_11_488.jpg,-0.225147470832,0.600000023842
10_31_14_25_11_523.jpg,-0.223402142525,0.600000023842
10_31_14_25_11_562.jpg,-0.200712859631,0.600000023842
10_31_14_25_11_594.jpg,-0.212930172682,0.600000023842
10_31_14_25_11_654.jpg,-0.205948844552,0.600000023842
10_31_14_25_11_693.jpg,-0.181514248252,0.600000023842
10_31_14_25_11_731.jpg,-0.186750233173,0.600000023842
10_31_14_25_11_758.jpg,-0.191986218095,0.600000023842
10_31_14_25_11_796.jpg,-0.195476874709,0.600000023842
10_31_14_25_11_859.jpg,-0.190240889788,0.600000023842
10_31_14_25_11_894.jpg,-0.193731546402,0.600000023842
10_31_14_25_11_926.jpg,-0.172787591815,0.600000023842
10_31_14_25_11_955.jpg,-0.171042263508,0.600000023842
10_31_14_25_11_993.jpg,-0.171042263508,0.600000023842
10_31_14_25_12_026.jpg,-0.171042263508,0.600000023842
10_31_14_25_12_058.jpg,-0.167551606894,0.600000023842
10_31_14_25_12_088.jpg,-0.158824965358,0.600000023842
10_31_14_25_12_129.jpg,-0.144862323999,0.600000023842
10_31_14_25_12_156.jpg,-0.148352980614,0.600000023842
10_31_14_25_12_192.jpg,-0.150098308921,0.600000023842
10_31_14_25_12_232.jpg,-0.143116995692,0.600000023842
10_31_14_25_12_300.jpg,-0.139626339078,0.600000023842
10_31_14_25_12_358.jpg,-0.151843652129,0.600000023842
10_31_14_25_12_395.jpg,-0.143116995692,0.600000023842
10_31_14_25_12_429.jpg,-0.141371667385,0.600000023842
10_31_14_25_12_455.jpg,-0.141371667385,0.600000023842
10_31_14_25_12_488.jpg,-0.150098308921,0.600000023842
10_31_14_25_12_523.jpg,-0.146607652307,0.600000023842
10_31_14_25_12_560.jpg,-0.157079637051,0.600000023842
10_31_14_25_12_589.jpg,-0.155334308743,0.600000023842
10_31_14_25_12_621.jpg,-0.155334308743,0.600000023842
10_31_14_25_12_660.jpg,-0.146607652307,0.600000023842
10_31_14_25_12_693.jpg,-0.160570293665,0.600000023842
10_31_14_25_12_730.jpg,-0.171042263508,0.600000023842
10_31_14_25_12_759.jpg,-0.171042263508,0.600000023842
10_31_14_25_12_789.jpg,-0.174532920122,0.600000023842
10_31_14_25_12_831.jpg,-0.178023576736,0.600000023842
10_31_14_25_12_898.jpg,-0.186750233173,0.600000023842
10_31_14_25_12_965.jpg,-0.212930172682,0.600000023842
10_31_14_25_12_995.jpg,-0.198967531323,0.600000023842
10_31_14_25_13_027.jpg,-0.202458187938,0.600000023842
10_31_14_25_13_060.jpg,-0.202458187938,0.600000023842
10_31_14_25_13_098.jpg,-0.20769418776,0.600000023842
10_31_14_25_13_136.jpg,-0.200712859631,0.600000023842
10_31_14_25_13_160.jpg,-0.195476874709,0.600000023842
10_31_14_25_13_189.jpg,-0.209439516068,0.600000023842
10_31_14_25_13_225.jpg,-0.209439516068,0.600000023842
10_31_14_25_13_262.jpg,-0.197222203016,0.600000023842
10_31_14_25_13_293.jpg,-0.200712859631,0.600000023842
10_31_14_25_13_322.jpg,-0.200712859631,0.600000023842
10_31_14_25_13_366.jpg,-0.200712859631,0.600000023842
10_31_14_25_13_431.jpg,-0.195476874709,0.600000023842
10_31_14_25_13_459.jpg,-0.195476874709,0.600000023842
10_31_14_25_13_492.jpg,-0.21991148591,0.600000023842
10_31_14_25_13_527.jpg,-0.21991148591,0.600000023842
10_31_14_25_13_555.jpg,-0.21991148591,0.600000023842
10_31_14_25_13_588.jpg,-0.21991148591,0.600000023842
10_31_14_25_13_632.jpg,-0.21991148591,0.600000023842
10_31_14_25_13_692.jpg,-0.214675500989,0.600000023842
10_31_14_25_13_730.jpg,-0.228638127446,0.600000023842
10_31_14_25_13_757.jpg,-0.216420829296,0.600000023842
10_31_14_25_13_791.jpg,-0.216420829296,0.600000023842
10_31_14_25_13_822.jpg,-0.209439516068,0.600000023842
10_31_14_25_13_855.jpg,-0.226892799139,0.600000023842
10_31_14_25_13_891.jpg,-0.214675500989,0.600000023842
10_31_14_25_13_923.jpg,-0.20769418776,0.600000023842
10_31_14_25_13_956.jpg,-0.209439516068,0.600000023842
10_31_14_25_13_988.jpg,-0.209439516068,0.600000023842
10_31_14_25_14_022.jpg,-0.223402142525,0.600000023842
10_31_14_25_14_057.jpg,-0.200712859631,0.600000023842
10_31_14_25_14_093.jpg,-0.211184844375,0.600000023842
10_31_14_25_14_135.jpg,-0.211184844375,0.600000023842
10_31_14_25_14_160.jpg,-0.205948844552,0.600000023842
10_31_14_25_14_198.jpg,-0.209439516068,0.600000023842
10_31_14_25_14_229.jpg,-0.209439516068,0.600000023842
10_31_14_25_14_261.jpg,-0.209439516068,0.600000023842
10_31_14_25_14_295.jpg,-0.204203516245,0.600000023842
10_31_14_25_14_327.jpg,-0.212930172682,0.600000023842
10_31_14_25_14_358.jpg,-0.204203516245,0.600000023842
10_31_14_25_14_388.jpg,-0.223402142525,0.600000023842
10_31_14_25_14_426.jpg,-0.223402142525,0.600000023842
10_31_14_25_14_462.jpg,-0.233874112368,0.600000023842
10_31_14_25_14_490.jpg,-0.228638127446,0.600000023842
10_31_14_25_14_525.jpg,-0.230383455753,0.600000023842
10_31_14_25_14_557.jpg,-0.247836753726,0.600000023842
10_31_14_25_14_588.jpg,-0.244346097112,0.600000023842
10_31_14_25_14_624.jpg,-0.244346097112,0.600000023842
10_31_14_25_14_663.jpg,-0.242600768805,0.600000023842
10_31_14_25_14_689.jpg,-0.246091425419,0.600000023842
10_31_14_25_14_724.jpg,-0.237364783883,0.600000023842
10_31_14_25_14_762.jpg,-0.240855440497,0.600000023842
10_31_14_25_14_791.jpg,-0.240855440497,0.600000023842
10_31_14_25_14_829.jpg,-0.225147470832,0.600000023842
10_31_14_25_14_859.jpg,-0.225147470832,0.600000023842
10_31_14_25_14_891.jpg,-0.23911011219,0.600000023842
10_31_14_25_14_922.jpg,-0.230383455753,0.600000023842
10_31_14_25_14_955.jpg,-0.218166157603,0.600000023842
10_31_14_25_14_989.jpg,-0.218166157603,0.600000023842
10_31_14_25_15_023.jpg,-0.218166157603,0.600000023842
10_31_14_25_15_058.jpg,-0.214675500989,0.600000023842
10_31_14_25_15_090.jpg,-0.200712859631,0.600000023842
10_31_14_25_15_125.jpg,-0.195476874709,0.600000023842
10_31_14_25_15_160.jpg,-0.200712859631,0.600000023842
10_31_14_25_15_189.jpg,-0.188495561481,0.600000023842
10_31_14_25_15_225.jpg,-0.188495561481,0.600000023842
10_31_14_25_15_258.jpg,-0.178023576736,0.600000023842
10_31_14_25_15_292.jpg,-0.183259576559,0.600000023842
10_31_14_25_15_327.jpg,-0.171042263508,0.600000023842
10_31_14_25_15_389.jpg,-0.165806278586,0.600000023842
10_31_14_25_15_423.jpg,-0.165806278586,0.600000023842
10_31_14_25_15_455.jpg,-0.139626339078,0.600000023842
10_31_14_25_15_491.jpg,-0.137881010771,0.600000023842
10_31_14_25_15_528.jpg,-0.136135682464,0.600000023842
10_31_14_25_15_556.jpg,-0.130899697542,0.600000023842
10_31_14_25_15_591.jpg,-0.125663712621,0.600000023842
10_31_14_25_15_622.jpg,-0.125663712621,0.600000023842
10_31_14_25_15_662.jpg,-0.120427720249,0.600000023842
10_31_14_25_15_695.jpg,-0.116937056184,0.600000023842
10_31_14_25_15_722.jpg,-0.11344639957,0.600000023842
10_31_14_25_15_758.jpg,-0.109955742955,0.600000023842
10_31_14_25_15_789.jpg,-0.111701071262,0.600000023842
10_31_14_25_15_823.jpg,-0.111701071262,0.600000023842
10_31_14_25_15_860.jpg,-0.104719758034,0.600000023842
10_31_14_25_15_893.jpg,-0.0977384373546,0.600000023842
10_31_14_25_15_927.jpg,-0.0942477807403,0.600000023842
10_31_14_25_15_955.jpg,-0.0855211317539,0.600000023842
10_31_14_25_15_992.jpg,-0.0855211317539,0.600000023842
10_31_14_25_16_021.jpg,-0.0855211317539,0.600000023842
10_31_14_25_16_055.jpg,-0.0767944902182,0.600000023842
10_31_14_25_16_092.jpg,-0.0733038261533,0.600000023842
10_31_14_25_16_122.jpg,-0.069813169539,0.600000023842
10_31_14_25_16_158.jpg,-0.0610865242779,0.600000023842
10_31_14_25_16_188.jpg,-0.0610865242779,0.600000023842
10_31_14_25_16_224.jpg,-0.0610865242779,0.600000023842
10_31_14_25_16_257.jpg,-0.0575958639383,0.600000023842
10_31_14_25_16_293.jpg,-0.0506145469844,0.600000023842
10_31_14_25_16_327.jpg,-0.0471238903701,0.600000023842
10_31_14_25_16_361.jpg,-0.0488692186773,0.600000023842
10_31_14_25_16_398.jpg,-0.0418879017234,0.600000023842
10_31_14_25_16_427.jpg,-0.0383972451091,0.600000023842
10_31_14_25_16_457.jpg,-0.0383972451091,0.600000023842
10_31_14_25_16_498.jpg,-0.0366519130766,0.600000023842
10_31_14_25_16_526.jpg,-0.0366519130766,0.600000023842
10_31_14_25_16_588.jpg,-0.0331612564623,0.600000023842
10_31_14_25_16_623.jpg,-0.0331612564623,0.600000023842
10_31_14_25_16_659.jpg,-0.0261799395084,0.600000023842
10_31_14_25_16_695.jpg,-0.0261799395084,0.600000023842
10_31_14_25_16_722.jpg,-0.0244346093386,0.600000023842
10_31_14_25_16_757.jpg,-0.0174532923847,0.600000023842
10_31_14_25_16_795.jpg,-0.0244346093386,0.600000023842
10_31_14_25_16_822.jpg,-0.0244346093386,0.600000023842
10_31_14_25_16_859.jpg,-0.0191986225545,0.600000023842
10_31_14_25_16_893.jpg,-0.0209439508617,0.600000023842
10_31_14_25_16_925.jpg,-0.0157079640776,0.600000023842
10_31_14_25_16_959.jpg,-0.0139626339078,0.600000023842
10_31_14_25_16_994.jpg,-0.0122173046693,0.600000023842
10_31_14_25_17_032.jpg,-0.0157079640776,0.600000023842
10_31_14_25_17_055.jpg,-0.0157079640776,0.600000023842
10_31_14_25_17_089.jpg,-0.0104719754308,0.600000023842
10_31_14_25_17_130.jpg,-0.0122173046693,0.600000023842
10_31_14_25_17_163.jpg,-0.0069813169539,0.600000023842
10_31_14_25_17_191.jpg,-0.00523598771542,0.600000023842
10_31_14_25_17_222.jpg,-0.00523598771542,0.600000023842
10_31_14_25_17_255.jpg,-0.00349065847695,0.600000023842
10_31_14_25_17_288.jpg,0.0,0.600000023842
10_31_14_25_17_324.jpg,-0.00349065847695,0.600000023842
10_31_14_25_17_361.jpg,0.00174532923847,0.600000023842
10_31_14_25_17_388.jpg,0.00174532923847,0.600000023842
10_31_14_25_17_421.jpg,0.00349065847695,0.600000023842
10_31_14_25_17_460.jpg,0.0,0.600000023842
10_31_14_25_17_492.jpg,0.00523598771542,0.600000023842
10_31_14_25_17_529.jpg,0.00174532923847,0.600000023842
10_31_14_25_17_559.jpg,0.00174532923847,0.600000023842
10_31_14_25_17_590.jpg,0.00174532923847,0.600000023842
10_31_14_25_17_624.jpg,0.00174532923847,0.600000023842
10_31_14_25_17_664.jpg,0.00174532923847,0.600000023842
10_31_14_25_17_697.jpg,0.0069813169539,0.600000023842
10_31_14_25_17_723.jpg,0.00349065847695,0.600000023842
10_31_14_25_17_758.jpg,0.00872664619237,0.600000023842
10_31_14_25_17_790.jpg,0.00523598771542,0.600000023842
10_31_14_25_17_832.jpg,0.0104719754308,0.600000023842
10_31_14_25_17_858.jpg,0.0104719754308,0.600000023842
10_31_14_25_17_898.jpg,0.0069813169539,0.600000023842
10_31_14_25_17_924.jpg,0.00523598771542,0.600000023842
10_31_14_25_17_958.jpg,0.00523598771542,0.600000023842
10_31_14_25_17_993.jpg,0.00523598771542,0.600000023842
10_31_14_25_18_025.jpg,0.00523598771542,0.600000023842
10_31_14_25_18_058.jpg,0.00523598771542,0.600000023842
10_31_14_25_18_088.jpg,0.0,0.600000023842
10_31_14_25_18_125.jpg,-0.00174532923847,0.600000023842
10_31_14_25_18_159.jpg,-0.00349065847695,0.600000023842
10_31_14_25_18_194.jpg,-0.00523598771542,0.600000023842
10_31_14_25_18_221.jpg,-0.00523598771542,0.600000023842
10_31_14_25_18_255.jpg,-0.00174532923847,0.600000023842
10_31_14_25_18_290.jpg,-0.00349065847695,0.600000023842
10_31_14_25_18_321.jpg,-0.00349065847695,0.600000023842
10_31_14_25_18_357.jpg,-0.00872664619237,0.600000023842
10_31_14_25_18_388.jpg,-0.00872664619237,0.600000023842
10_31_14_25_18_426.jpg,-0.00523598771542,0.600000023842
10_31_14_25_18_459.jpg,-0.0104719754308,0.600000023842
10_31_14_25_18_491.jpg,-0.00872664619237,0.600000023842
10_31_14_25_18_525.jpg,-0.0139626339078,0.600000023842
10_31_14_25_18_555.jpg,-0.0157079640776,0.600000023842
10_31_14_25_18_590.jpg,-0.0174532923847,0.600000023842
10_31_14_25_18_622.jpg,-0.0174532923847,0.600000023842
10_31_14_25_18_659.jpg,-0.0244346093386,0.600000023842
10_31_14_25_18_690.jpg,-0.0226892810315,0.600000023842
10_31_14_25_18_722.jpg,-0.0401425734162,0.600000023842
10_31_14_25_18_755.jpg,-0.0366519130766,0.600000023842
10_31_14_25_18_789.jpg,-0.0401425734162,0.600000023842
10_31_14_25_18_827.jpg,-0.0436332300305,0.600000023842
10_31_14_25_18_860.jpg,-0.0436332300305,0.600000023842
10_31_14_25_18_890.jpg,-0.0488692186773,0.600000023842
10_31_14_25_18_927.jpg,-0.0471238903701,0.600000023842
10_31_14_25_18_963.jpg,-0.0593411959708,0.600000023842
10_31_14_25_19_001.jpg,-0.054105207324,0.600000023842
10_31_14_25_19_025.jpg,-0.054105207324,0.600000023842
10_31_14_25_19_056.jpg,-0.0610865242779,0.600000023842
10_31_14_25_19_098.jpg,-0.0785398185253,0.600000023842
10_31_14_25_19_122.jpg,-0.054105207324,0.600000023842
10_31_14_25_19_160.jpg,-0.0977384373546,0.600000023842
10_31_14_25_19_189.jpg,-0.0785398185253,0.600000023842
10_31_14_25_19_224.jpg,-0.0785398185253,0.600000023842
10_31_14_25_19_255.jpg,-0.0959931090474,0.600000023842
10_31_14_25_19_290.jpg,-0.0925024524331,0.600000023842
10_31_14_25_19_324.jpg,-0.0785398185253,0.600000023842
10_31_14_25_19_357.jpg,-0.0977384373546,0.600000023842
10_31_14_25_19_394.jpg,-0.0820304751396,0.600000023842
10_31_14_25_19_430.jpg,-0.0802851468325,0.600000023842
10_31_14_25_19_461.jpg,-0.0802851468325,0.600000023842
10_31_14_25_19_494.jpg,-0.0837758034468,0.600000023842
10_31_14_25_19_527.jpg,-0.0628318563104,0.600000023842
10_31_14_25_19_556.jpg,-0.102974422276,0.600000023842
10_31_14_25_19_592.jpg,-0.0855211317539,0.600000023842
10_31_14_25_19_629.jpg,-0.0802851468325,0.600000023842
10_31_14_25_19_658.jpg,-0.0802851468325,0.600000023842
10_31_14_25_19_699.jpg,-0.0628318563104,0.600000023842
10_31_14_25_19_722.jpg,-0.0977384373546,0.600000023842
10_31_14_25_19_760.jpg,-0.0837758034468,0.600000023842
10_31_14_25_19_793.jpg,-0.0628318563104,0.600000023842
10_31_14_25_19_824.jpg,-0.0628318563104,0.600000023842
10_31_14_25_19_863.jpg,-0.0767944902182,0.600000023842
10_31_14_25_19_898.jpg,-0.0628318563104,0.600000023842
10_31_14_25_19_926.jpg,-0.102974422276,0.600000023842
10_31_14_25_19_959.jpg,-0.0593411959708,0.600000023842
10_31_14_25_19_990.jpg,-0.0977384373546,0.600000023842
10_31_14_25_20_023.jpg,-0.0977384373546,0.600000023842
10_31_14_25_20_066.jpg,-0.0628318563104,0.600000023842
10_31_14_25_20_095.jpg,-0.0767944902182,0.600000023842
10_31_14_25_20_128.jpg,-0.0767944902182,0.600000023842
10_31_14_25_20_161.jpg,-0.0767944902182,0.600000023842
10_31_14_25_20_194.jpg,-0.0767944902182,0.600000023842
10_31_14_25_20_229.jpg,-0.0767944902182,0.600000023842
10_31_14_25_20_262.jpg,-0.0767944902182,0.600000023842
10_31_14_25_20_289.jpg,-0.0767944902182,0.600000023842
10_31_14_25_20_329.jpg,-0.0977384373546,0.600000023842
10_31_14_25_20_356.jpg,-0.0837758034468,0.600000023842
10_31_14_25_20_388.jpg,-0.0837758034468,0.600000023842
10_31_14_25_20_421.jpg,-0.0837758034468,0.600000023842
10_31_14_25_20_455.jpg,-0.0837758034468,0.600000023842
10_31_14_25_20_490.jpg,-0.0628318563104,0.600000023842
10_31_14_25_20_529.jpg,-0.0767944902182,0.600000023842
10_31_14_25_20_557.jpg,-0.0767944902182,0.600000023842
10_31_14_25_20_589.jpg,-0.0977384373546,0.600000023842
10_31_14_25_20_623.jpg,-0.0977384373546,0.600000023842
10_31_14_25_20_659.jpg,-0.0628318563104,0.600000023842
10_31_14_25_20_690.jpg,-0.0767944902182,0.600000023842
10_31_14_25_20_728.jpg,-0.0767944902182,0.600000023842
10_31_14_25_20_755.jpg,-0.0977384373546,0.600000023842
10_31_14_25_20_790.jpg,-0.0628318563104,0.600000023842
10_31_14_25_20_826.jpg,-0.0628318563104,0.600000023842
10_31_14_25_20_860.jpg,-0.0767944902182,0.600000023842
10_31_14_25_20_889.jpg,-0.0977384373546,0.600000023842
10_31_14_25_20_924.jpg,-0.0837758034468,0.600000023842
10_31_14_25_20_955.jpg,-0.0890117883682,0.600000023842
10_31_14_25_20_995.jpg,-0.0593411959708,0.600000023842
10_31_14_25_21_024.jpg,-0.0593411959708,0.600000023842
10_31_14_25_21_055.jpg,-0.0977384373546,0.600000023842
10_31_14_25_21_091.jpg,-0.0802851468325,0.600000023842
10_31_14_25_21_128.jpg,-0.0837758034468,0.600000023842
10_31_14_25_21_160.jpg,-0.0837758034468,0.600000023842
10_31_14_25_21_194.jpg,-0.0628318563104,0.600000023842
10_31_14_25_21_225.jpg,-0.0628318563104,0.600000023842
10_31_14_25_21_255.jpg,-0.102974422276,0.600000023842
10_31_14_25_21_288.jpg,-0.0593411959708,0.600000023842
10_31_14_25_21_322.jpg,-0.0767944902182,0.600000023842
10_31_14_25_21_358.jpg,-0.0767944902182,0.600000023842
10_31_14_25_21_394.jpg,-0.0820304751396,0.600000023842
10_31_14_25_21_427.jpg,-0.0942477807403,0.600000023842
10_31_14_25_21_457.jpg,-0.0942477807403,0.600000023842
10_31_14_25_21_499.jpg,-0.0767944902182,0.600000023842
10_31_14_25_21_529.jpg,-0.0767944902182,0.600000023842
10_31_14_25_21_558.jpg,-0.0977384373546,0.600000023842
10_31_14_25_21_588.jpg,-0.0977384373546,0.600000023842
10_31_14_25_21_626.jpg,-0.0680678412318,0.600000023842
10_31_14_25_21_661.jpg,-0.0942477807403,0.600000023842
10_31_14_25_21_693.jpg,-0.0767944902182,0.600000023842
10_31_14_25_21_729.jpg,-0.0977384373546,0.600000023842
10_31_14_25_21_757.jpg,-0.0977384373546,0.600000023842
10_31_14_25_21_790.jpg,-0.0977384373546,0.600000023842
10_31_14_25_21_825.jpg,-0.0977384373546,0.600000023842
10_31_14_25_21_858.jpg,-0.0977384373546,0.600000023842
10_31_14_25_21_890.jpg,-0.0977384373546,0.600000023842
10_31_14_25_21_921.jpg,-0.0977384373546,0.600000023842
10_31_14_25_21_955.jpg,-0.0977384373546,0.600000023842
10_31_14_25_21_989.jpg,-0.0977384373546,0.600000023842
10_31_14_25_22_025.jpg,-0.0977384373546,0.600000023842
10_31_14_25_22_057.jpg,-0.0977384373546,0.600000023842
10_31_14_25_22_090.jpg,-0.0977384373546,0.600000023842
10_31_14_25_22_125.jpg,-0.0977384373546,0.600000023842
10_31_14_25_22_160.jpg,-0.0977384373546,0.600000023842
10_31_14_25_22_193.jpg,-0.0977384373546,0.600000023842
10_31_14_25_22_224.jpg,-0.0977384373546,0.600000023842
10_31_14_25_22_257.jpg,-0.0977384373546,0.600000023842
10_31_14_25_22_293.jpg,-0.0977384373546,0.600000023842
10_31_14_25_22_326.jpg,-0.0977384373546,0.600000023842
10_31_14_25_22_357.jpg,-0.0977384373546,0.600000023842
10_31_14_25_22_392.jpg,-0.0977384373546,0.600000023842
10_31_14_25_22_424.jpg,-0.0977384373546,0.600000023842
10_31_14_25_22_458.jpg,-0.0977384373546,0.600000023842
10_31_14_25_22_490.jpg,-0.0977384373546,0.600000023842
10_31_14_25_22_525.jpg,-0.0977384373546,0.600000023842
10_31_14_25_22_560.jpg,-0.0977384373546,0.600000023842
10_31_14_25_22_590.jpg,-0.0977384373546,0.600000023842
10_31_14_25_22_626.jpg,-0.0977384373546,0.600000023842
10_31_14_25_22_657.jpg,-0.0977384373546,0.600000023842
10_31_14_25_22_690.jpg,-0.0977384373546,0.600000023842
10_31_14_25_22_721.jpg,-0.0977384373546,0.600000023842
10_31_14_25_22_755.jpg,-0.0977384373546,0.600000023842
10_31_14_25_22_789.jpg,-0.0977384373546,0.600000023842
10_31_14_25_22_829.jpg,-0.0977384373546,0.600000023842
10_31_14_25_22_856.jpg,-0.0977384373546,0.600000023842
10_31_14_25_22_891.jpg,-0.0977384373546,0.600000023842
10_31_14_25_22_926.jpg,-0.0977384373546,0.600000023842
10_31_14_25_22_956.jpg,-0.0977384373546,0.600000023842
10_31_14_25_22_989.jpg,-0.0977384373546,0.600000023842
10_31_14_25_23_024.jpg,-0.0977384373546,0.600000023842
10_31_14_25_23_055.jpg,-0.0977384373546,0.600000023842
10_31_14_25_23_094.jpg,-0.0977384373546,0.600000023842
10_31_14_25_23_127.jpg,-0.0977384373546,0.600000023842
10_31_14_25_23_155.jpg,-0.0977384373546,0.600000023842
