10_31_14_12_36_024.jpg,-0.054105207324,0.600000023842
10_31_14_12_36_064.jpg,-0.054105207324,0.600000023842
10_31_14_12_36_098.jpg,-0.054105207324,0.600000023842
10_31_14_12_36_125.jpg,-0.054105207324,0.600000023842
10_31_14_12_36_162.jpg,-0.054105207324,0.600000023842
10_31_14_12_36_195.jpg,-0.054105207324,0.600000023842
10_31_14_12_36_224.jpg,-0.0488692186773,0.600000023842
10_31_14_12_36_266.jpg,-0.0488692186773,0.600000023842
10_31_14_12_36_291.jpg,-0.045378562063,0.600000023842
10_31_14_12_36_324.jpg,-0.0436332300305,0.600000023842
10_31_14_12_36_360.jpg,-0.0366519130766,0.600000023842
10_31_14_12_36_394.jpg,-0.0366519130766,0.600000023842
10_31_14_12_36_427.jpg,-0.0436332300305,0.600000023842
10_31_14_12_36_456.jpg,-0.0401425734162,0.600000023842
10_31_14_12_36_490.jpg,-0.0383972451091,0.600000023842
10_31_14_12_36_524.jpg,-0.0471238903701,0.600000023842
10_31_14_12_36_562.jpg,-0.0383972451091,0.600000023842
10_31_14_12_36_595.jpg,-0.0383972451091,0.600000023842
10_31_14_12_36_628.jpg,-0.0418879017234,0.600000023842
10_31_14_12_36_662.jpg,-0.0418879017234,0.600000023842
10_31_14_12_36_693.jpg,-0.0366519130766,0.600000023842
10_31_14_12_36_724.jpg,-0.0401425734162,0.600000023842
10_31_14_12_36_757.jpg,-0.0401425734162,0.600000023842
10_31_14_12_36_803.jpg,-0.0331612564623,0.600000023842
10_31_14_12_36_829.jpg,-0.0331612564623,0.600000023842
10_31_14_12_36_858.jpg,-0.0314159281552,0.600000023842
10_31_14_12_36_892.jpg,-0.0349065847695,0.600000023842
10_31_14_12_36_933.jpg,-0.0296705979854,0.600000023842
10_31_14_12_36_966.jpg,-0.0226892810315,0.600000023842
10_31_14_12_36_994.jpg,-0.0226892810315,0.600000023842
10_31_14_12_37_024.jpg,-0.0244346093386,0.600000023842
10_31_14_12_37_057.jpg,-0.0261799395084,0.600000023842
10_31_14_12_37_090.jpg,-0.0157079640776,0.600000023842
10_31_14_12_37_122.jpg,-0.0226892810315,0.600000023842
10_31_14_12_37_165.jpg,-0.0226892810315,0.600000023842
10_31_14_12_37_193.jpg,-0.0226892810315,0.600000023842
10_31_14_12_37_229.jpg,-0.0174532923847,0.600000023842
10_31_14_12_37_259.jpg,-0.0191986225545,0.600000023842
10_31_14_12_37_289.jpg,-0.0191986225545,0.600000023842
10_31_14_12_37_329.jpg,-0.0139626339078,0.600000023842
10_31_14_12_37_360.jpg,-0.0122173046693,0.600000023842
10_31_14_12_37_396.jpg,-0.0122173046693,0.600000023842
10_31_14_12_37_435.jpg,-0.0157079640776,0.600000023842
10_31_14_12_37_457.jpg,-0.0157079640776,0.600000023842
10_31_14_12_37_494.jpg,-0.0104719754308,0.600000023842
10_31_14_12_37_526.jpg,-0.00872664619237,0.600000023842
10_31_14_12_37_556.jpg,-0.00872664619237,0.600000023842
10_31_14_12_37_600.jpg,-0.0122173046693,0.600000023842
10_31_14_12_37_628.jpg,-0.0122173046693,0.600000023842
10_31_14_12_37_665.jpg,-0.0122173046693,0.600000023842
10_31_14_12_37_695.jpg,-0.0122173046693,0.600000023842
10_31_14_12_37_723.jpg,-0.0122173046693,0.600000023842
10_31_14_12_37_763.jpg,-0.0122173046693,0.600000023842
10_31_14_12_37_792.jpg,-0.0122173046693,0.600000023842
10_31_14_12_37_828.jpg,-0.0069813169539,0.600000023842
10_31_14_12_37_862.jpg,-0.0157079640776,0.600000023842
10_31_14_12_37_889.jpg,-0.0069813169539,0.600000023842
10_31_14_12_37_924.jpg,-0.0157079640776,0.600000023842
10_31_14_12_37_961.jpg,-0.0122173046693,0.600000023842
10_31_14_12_38_005.jpg,-0.0122173046693,0.600000023842
10_31_14_12_38_026.jpg,-0.0122173046693,0.600000023842
10_31_14_12_38_060.jpg,-0.0122173046693,0.600000023842
10_31_14_12_38_089.jpg,-0.0122173046693,0.600000023842
10_31_14_12_38_122.jpg,-0.0174532923847,0.600000023842
10_31_14_12_38_158.jpg,-0.0191986225545,0.600000023842
10_31_14_12_38_194.jpg,-0.0191986225545,0.600000023842
10_31_14_12_38_228.jpg,-0.0157079640776,0.600000023842
10_31_14_12_38_257.jpg,-0.0157079640776,0.600000023842
10_31_14_12_38_297.jpg,-0.0209439508617,0.600000023842
10_31_14_12_38_323.jpg,-0.0174532923847,0.600000023842
10_31_14_12_38_361.jpg,-0.0174532923847,0.600000023842
10_31_14_12_38_394.jpg,-0.0174532923847,0.600000023842
10_31_14_12_38_431.jpg,-0.0174532923847,0.600000023842
10_31_14_12_38_460.jpg,-0.0226892810315,0.600000023842
10_31_14_12_38_495.jpg,-0.00872664619237,0.600000023842
10_31_14_12_38_524.jpg,-0.0157079640776,0.600000023842
10_31_14_12_38_556.jpg,-0.0157079640776,0.600000023842
10_31_14_12_38_596.jpg,-0.0157079640776,0.600000023842
10_31_14_12_38_622.jpg,-0.00349065847695,0.600000023842
10_31_14_12_38_657.jpg,-0.00523598771542,0.600000023842
10_31_14_12_38_696.jpg,-0.00349065847695,0.600000023842
10_31_14_12_38_727.jpg,0.00349065847695,0.600000023842
10_31_14_12_38_757.jpg,0.00349065847695,0.600000023842
10_31_14_12_38_790.jpg,0.00174532923847,0.600000023842
10_31_14_12_38_831.jpg,0.00523598771542,0.600000023842
10_31_14_12_38_859.jpg,0.0122173046693,0.600000023842
10_31_14_12_38_894.jpg,0.0157079640776,0.600000023842
10_31_14_12_38_934.jpg,0.0244346093386,0.600000023842
10_31_14_12_38_958.jpg,0.0244346093386,0.600000023842
10_31_14_12_38_997.jpg,0.0296705979854,0.600000023842
10_31_14_12_39_030.jpg,0.0436332300305,0.600000023842
10_31_14_12_39_060.jpg,0.0506145469844,0.600000023842
10_31_14_12_39_089.jpg,0.0680678412318,0.600000023842
10_31_14_12_39_123.jpg,0.0575958639383,0.600000023842
10_31_14_12_39_157.jpg,0.0575958639383,0.600000023842
10_31_14_12_39_192.jpg,0.0663225129247,0.600000023842
10_31_14_12_39_226.jpg,0.0820304751396,0.600000023842
10_31_14_12_39_256.jpg,0.0802851468325,0.600000023842
10_31_14_12_39_324.jpg,0.0959931090474,0.600000023842
10_31_14_12_39_357.jpg,0.0959931090474,0.600000023842
10_31_14_12_39_395.jpg,0.143116995692,0.600000023842
10_31_14_12_39_427.jpg,0.120427720249,0.600000023842
10_31_14_12_39_460.jpg,0.127409040928,0.600000023842
10_31_14_12_39_497.jpg,0.136135682464,0.600000023842
10_31_14_12_39_527.jpg,0.151843652129,0.600000023842
10_31_14_12_39_560.jpg,0.134390354156,0.600000023842
10_31_14_12_39_590.jpg,0.134390354156,0.600000023842
10_31_14_12_39_623.jpg,0.155334308743,0.600000023842
10_31_14_12_39_660.jpg,0.162315621972,0.600000023842
10_31_14_12_39_691.jpg,0.157079637051,0.600000023842
10_31_14_12_39_725.jpg,0.169296935201,0.600000023842
10_31_14_12_39_764.jpg,0.111701071262,0.600000023842
10_31_14_12_39_791.jpg,0.111701071262,0.600000023842
10_31_14_12_39_826.jpg,0.200712859631,0.600000023842
10_31_14_12_39_858.jpg,0.178023576736,0.600000023842
10_31_14_12_39_894.jpg,0.157079637051,0.600000023842
10_31_14_12_39_929.jpg,0.169296935201,0.600000023842
10_31_14_12_39_961.jpg,0.0820304751396,0.600000023842
10_31_14_12_39_994.jpg,0.0820304751396,0.600000023842
10_31_14_12_40_023.jpg,0.0628318563104,0.600000023842
10_31_14_12_40_057.jpg,0.242600768805,0.600000023842
10_31_14_12_40_090.jpg,0.148352980614,0.600000023842
10_31_14_12_40_123.jpg,0.167551606894,0.600000023842
10_31_14_12_40_156.jpg,0.167551606894,0.600000023842
10_31_14_12_40_189.jpg,0.169296935201,0.600000023842
10_31_14_12_40_227.jpg,0.176278248429,0.600000023842
10_31_14_12_40_256.jpg,0.185004904866,0.600000023842
10_31_14_12_40_301.jpg,0.178023576736,0.600000023842
10_31_14_12_40_323.jpg,0.178023576736,0.600000023842
10_31_14_12_40_359.jpg,0.167551606894,0.600000023842
10_31_14_12_40_391.jpg,0.167551606894,0.600000023842
10_31_14_12_40_434.jpg,0.169296935201,0.600000023842
10_31_14_12_40_493.jpg,0.155334308743,0.600000023842
10_31_14_12_40_528.jpg,0.164060950279,0.600000023842
10_31_14_12_40_556.jpg,0.164060950279,0.600000023842
10_31_14_12_40_590.jpg,0.188495561481,0.600000023842
10_31_14_12_40_623.jpg,0.143116995692,0.600000023842
10_31_14_12_40_658.jpg,0.153588980436,0.600000023842
10_31_14_12_40_689.jpg,0.164060950279,0.600000023842
10_31_14_12_40_728.jpg,0.158824965358,0.600000023842
10_31_14_12_40_757.jpg,0.158824965358,0.600000023842
10_31_14_12_40_792.jpg,0.167551606894,0.600000023842
10_31_14_12_40_823.jpg,0.164060950279,0.600000023842
10_31_14_12_40_856.jpg,0.164060950279,0.600000023842
10_31_14_12_40_893.jpg,0.164060950279,0.600000023842
10_31_14_12_40_924.jpg,0.164060950279,0.600000023842
10_31_14_12_40_962.jpg,0.174532920122,0.600000023842
10_31_14_12_40_993.jpg,0.174532920122,0.600000023842
10_31_14_12_41_023.jpg,0.169296935201,0.600000023842
10_31_14_12_41_059.jpg,0.169296935201,0.600000023842
10_31_14_12_41_104.jpg,0.190240889788,0.600000023842
10_31_14_12_41_123.jpg,0.181514248252,0.600000023842
10_31_14_12_41_164.jpg,0.193731546402,0.600000023842
10_31_14_12_41_189.jpg,0.193731546402,0.600000023842
10_31_14_12_41_228.jpg,0.188495561481,0.600000023842
10_31_14_12_41_256.jpg,0.193731546402,0.600000023842
10_31_14_12_41_289.jpg,0.195476874709,0.600000023842
10_31_14_12_41_322.jpg,0.202458187938,0.600000023842
10_31_14_12_41_364.jpg,0.185004904866,0.600000023842
10_31_14_12_41_391.jpg,0.185004904866,0.600000023842
10_31_14_12_41_423.jpg,0.191986218095,0.600000023842
10_31_14_12_41_456.jpg,0.183259576559,0.600000023842
10_31_14_12_41_498.jpg,0.200712859631,0.600000023842
10_31_14_12_41_525.jpg,0.193731546402,0.600000023842
10_31_14_12_41_567.jpg,0.178023576736,0.600000023842
10_31_14_12_41_598.jpg,0.183259576559,0.600000023842
10_31_14_12_41_628.jpg,0.183259576559,0.600000023842
10_31_14_12_41_656.jpg,0.171042263508,0.600000023842
10_31_14_12_41_692.jpg,0.176278248429,0.600000023842
10_31_14_12_41_723.jpg,0.179768919945,0.600000023842
10_31_14_12_41_763.jpg,0.158824965358,0.600000023842
10_31_14_12_41_795.jpg,0.158824965358,0.600000023842
10_31_14_12_41_829.jpg,0.162315621972,0.600000023842
10_31_14_12_41_859.jpg,0.144862323999,0.600000023842
10_31_14_12_41_894.jpg,0.143116995692,0.600000023842
10_31_14_12_41_930.jpg,0.137881010771,0.600000023842
10_31_14_12_41_956.jpg,0.137881010771,0.600000023842
10_31_14_12_41_993.jpg,0.143116995692,0.600000023842
10_31_14_12_42_030.jpg,0.146607652307,0.600000023842
10_31_14_12_42_057.jpg,0.169296935201,0.600000023842
10_31_14_12_42_101.jpg,0.148352980614,0.600000023842
10_31_14_12_42_128.jpg,0.143116995692,0.600000023842
10_31_14_12_42_165.jpg,0.130899697542,0.600000023842
10_31_14_12_42_192.jpg,0.130899697542,0.600000023842
10_31_14_12_42_226.jpg,0.157079637051,0.600000023842
10_31_14_12_42_264.jpg,0.102974422276,0.600000023842
10_31_14_12_42_293.jpg,0.164060950279,0.600000023842
10_31_14_12_42_328.jpg,0.134390354156,0.600000023842
10_31_14_12_42_360.jpg,0.111701071262,0.600000023842
10_31_14_12_42_399.jpg,0.11344639957,0.600000023842
10_31_14_12_42_429.jpg,0.11344639957,0.600000023842
10_31_14_12_42_461.jpg,0.116937056184,0.600000023842
10_31_14_12_42_491.jpg,0.109955742955,0.600000023842
10_31_14_12_42_528.jpg,0.106465086341,0.600000023842
10_31_14_12_42_557.jpg,0.0715584978461,0.600000023842
10_31_14_12_42_599.jpg,0.116937056184,0.600000023842
10_31_14_12_42_627.jpg,0.116937056184,0.600000023842
10_31_14_12_42_665.jpg,0.132645025849,0.600000023842
10_31_14_12_42_689.jpg,0.146607652307,0.600000023842
10_31_14_12_42_722.jpg,0.104719758034,0.600000023842
10_31_14_12_42_761.jpg,0.104719758034,0.600000023842
10_31_14_12_42_792.jpg,0.134390354156,0.600000023842
10_31_14_12_42_830.jpg,0.0872664600611,0.600000023842
10_31_14_12_42_858.jpg,0.106465086341,0.600000023842
10_31_14_12_42_889.jpg,0.143116995692,0.600000023842
10_31_14_12_42_932.jpg,0.115191727877,0.600000023842
10_31_14_12_42_960.jpg,0.169296935201,0.600000023842
10_31_14_12_42_993.jpg,0.169296935201,0.600000023842
10_31_14_12_43_026.jpg,0.153588980436,0.600000023842
10_31_14_12_43_060.jpg,0.144862323999,0.600000023842
10_31_14_12_43_095.jpg,0.167551606894,0.600000023842
10_31_14_12_43_128.jpg,0.171042263508,0.600000023842
10_31_14_12_43_163.jpg,0.162315621972,0.600000023842
10_31_14_12_43_190.jpg,0.162315621972,0.600000023842
10_31_14_12_43_224.jpg,0.158824965358,0.600000023842
10_31_14_12_43_264.jpg,0.198967531323,0.600000023842
10_31_14_12_43_294.jpg,0.174532920122,0.600000023842
10_31_14_12_43_324.jpg,0.174532920122,0.600000023842
10_31_14_12_43_363.jpg,0.190240889788,0.600000023842
10_31_14_12_43_392.jpg,0.190240889788,0.600000023842
10_31_14_12_43_424.jpg,0.179768919945,0.600000023842
10_31_14_12_43_459.jpg,0.176278248429,0.600000023842
10_31_14_12_43_492.jpg,0.181514248252,0.600000023842
10_31_14_12_43_530.jpg,0.178023576736,0.600000023842
10_31_14_12_43_557.jpg,0.167551606894,0.600000023842
10_31_14_12_43_590.jpg,0.167551606894,0.600000023842
10_31_14_12_43_627.jpg,0.162315621972,0.600000023842
10_31_14_12_43_663.jpg,0.169296935201,0.600000023842
10_31_14_12_43_689.jpg,0.148352980614,0.600000023842
10_31_14_12_43_723.jpg,0.172787591815,0.600000023842
10_31_14_12_43_758.jpg,0.172787591815,0.600000023842
10_31_14_12_43_798.jpg,0.148352980614,0.600000023842
10_31_14_12_43_822.jpg,0.148352980614,0.600000023842
10_31_14_12_43_859.jpg,0.155334308743,0.600000023842
10_31_14_12_43_895.jpg,0.134390354156,0.600000023842
10_31_14_12_43_923.jpg,0.132645025849,0.600000023842
10_31_14_12_43_956.jpg,0.132645025849,0.600000023842
10_31_14_12_43_998.jpg,0.136135682464,0.600000023842
10_31_14_12_44_022.jpg,0.136135682464,0.600000023842
10_31_14_12_44_057.jpg,0.125663712621,0.600000023842
10_31_14_12_44_094.jpg,0.143116995692,0.600000023842
10_31_14_12_44_123.jpg,0.130899697542,0.600000023842
10_31_14_12_44_159.jpg,0.150098308921,0.600000023842
10_31_14_12_44_193.jpg,0.150098308921,0.600000023842
10_31_14_12_44_224.jpg,0.134390354156,0.600000023842
10_31_14_12_44_265.jpg,0.153588980436,0.600000023842
10_31_14_12_44_297.jpg,0.179768919945,0.600000023842
10_31_14_12_44_329.jpg,0.155334308743,0.600000023842
10_31_14_12_44_359.jpg,0.150098308921,0.600000023842
10_31_14_12_44_395.jpg,0.150098308921,0.600000023842
10_31_14_12_44_424.jpg,0.158824965358,0.600000023842
10_31_14_12_44_462.jpg,0.158824965358,0.600000023842
10_31_14_12_44_499.jpg,0.148352980614,0.600000023842
10_31_14_12_44_529.jpg,0.137881010771,0.600000023842
10_31_14_12_44_561.jpg,0.144862323999,0.600000023842
10_31_14_12_44_595.jpg,0.144862323999,0.600000023842
10_31_14_12_44_624.jpg,0.150098308921,0.600000023842
10_31_14_12_44_658.jpg,0.11344639957,0.600000023842
10_31_14_12_44_694.jpg,0.141371667385,0.600000023842
10_31_14_12_44_725.jpg,0.150098308921,0.600000023842
10_31_14_12_44_756.jpg,0.150098308921,0.600000023842
10_31_14_12_44_789.jpg,0.0244346093386,0.600000023842
10_31_14_12_44_822.jpg,0.185004904866,0.600000023842
10_31_14_12_44_889.jpg,0.27750736475,0.600000023842
10_31_14_12_44_925.jpg,0.0314159281552,0.600000023842
10_31_14_12_44_959.jpg,0.378736436367,0.600000023842
10_31_14_12_44_989.jpg,0.378736436367,0.600000023842
10_31_14_12_45_057.jpg,0.422369688749,0.600000023842
10_31_14_12_45_092.jpg,0.130899697542,0.600000023842
10_31_14_12_45_123.jpg,0.25830873847,0.600000023842
10_31_14_12_45_159.jpg,0.102974422276,0.600000023842
10_31_14_12_45_193.jpg,0.102974422276,0.600000023842
10_31_14_12_45_228.jpg,0.129154369235,0.600000023842
10_31_14_12_45_258.jpg,0.171042263508,0.600000023842
10_31_14_12_45_303.jpg,0.155334308743,0.600000023842
10_31_14_12_45_323.jpg,0.150098308921,0.600000023842
10_31_14_12_45_362.jpg,0.158824965358,0.600000023842
10_31_14_12_45_396.jpg,0.158824965358,0.600000023842
10_31_14_12_45_423.jpg,0.448549628258,0.600000023842
10_31_14_12_45_458.jpg,0.35953783989,0.600000023842
10_31_14_12_45_492.jpg,0.198967531323,0.600000023842
10_31_14_12_45_529.jpg,0.20769418776,0.600000023842
10_31_14_12_45_561.jpg,0.116937056184,0.600000023842
10_31_14_12_45_590.jpg,0.116937056184,0.600000023842
10_31_14_12_45_623.jpg,0.144862323999,0.600000023842
10_31_14_12_45_658.jpg,0.136135682464,0.600000023842
10_31_14_12_45_690.jpg,0.132645025849,0.600000023842
10_31_14_12_45_724.jpg,0.125663712621,0.600000023842
10_31_14_12_45_757.jpg,0.125663712621,0.600000023842
10_31_14_12_45_794.jpg,0.0820304751396,0.600000023842
10_31_14_12_45_826.jpg,0.136135682464,0.600000023842
10_31_14_12_45_859.jpg,0.11344639957,0.600000023842
10_31_14_12_45_897.jpg,0.0959931090474,0.600000023842
10_31_14_12_45_929.jpg,0.0994837656617,0.600000023842
10_31_14_12_45_961.jpg,0.0855211317539,0.600000023842
10_31_14_12_45_995.jpg,0.0855211317539,0.600000023842
10_31_14_12_46_026.jpg,0.0890117883682,0.600000023842
10_31_14_12_46_059.jpg,0.0750491544604,0.600000023842
10_31_14_12_46_090.jpg,0.0645771846175,0.600000023842
10_31_14_12_46_123.jpg,0.0628318563104,0.600000023842
10_31_14_12_46_157.jpg,0.0628318563104,0.600000023842
10_31_14_12_46_194.jpg,0.0575958639383,0.600000023842
10_31_14_12_46_226.jpg,0.0418879017234,0.600000023842
10_31_14_12_46_257.jpg,0.0401425734162,0.600000023842
10_31_14_12_46_293.jpg,0.0401425734162,0.600000023842
10_31_14_12_46_327.jpg,0.0366519130766,0.600000023842
10_31_14_12_46_360.jpg,0.0331612564623,0.600000023842
10_31_14_12_46_390.jpg,0.0331612564623,0.600000023842
10_31_14_12_46_423.jpg,0.0261799395084,0.600000023842
10_31_14_12_46_458.jpg,0.0279252678156,0.600000023842
10_31_14_12_46_499.jpg,0.0209439508617,0.600000023842
10_31_14_12_46_523.jpg,0.0174532923847,0.600000023842
10_31_14_12_46_556.jpg,0.0174532923847,0.600000023842
10_31_14_12_46_590.jpg,0.0139626339078,0.600000023842
10_31_14_12_46_622.jpg,0.0157079640776,0.600000023842
10_31_14_12_46_656.jpg,0.0104719754308,0.600000023842
10_31_14_12_46_689.jpg,0.00349065847695,0.600000023842
10_31_14_12_46_727.jpg,0.00523598771542,0.600000023842
10_31_14_12_46_758.jpg,0.00523598771542,0.600000023842
10_31_14_12_46_796.jpg,-0.00174532923847,0.600000023842
10_31_14_12_46_822.jpg,0.00174532923847,0.600000023842
10_31_14_12_46_859.jpg,0.00523598771542,0.600000023842
10_31_14_12_46_894.jpg,0.0209439508617,0.600000023842
10_31_14_12_46_923.jpg,0.00523598771542,0.600000023842
10_31_14_12_46_956.jpg,0.00523598771542,0.600000023842
10_31_14_12_46_989.jpg,0.0558505356312,0.600000023842
10_31_14_12_47_024.jpg,0.0401425734162,0.600000023842
10_31_14_12_47_059.jpg,0.00174532923847,0.600000023842
10_31_14_12_47_090.jpg,0.090757124126,0.600000023842
10_31_14_12_47_123.jpg,0.0610865242779,0.600000023842
10_31_14_12_47_156.jpg,0.0610865242779,0.600000023842
10_31_14_12_47_190.jpg,0.102974422276,0.600000023842
10_31_14_12_47_229.jpg,0.0785398185253,0.600000023842
10_31_14_12_47_257.jpg,0.118682391942,0.600000023842
10_31_14_12_47_294.jpg,0.125663712621,0.600000023842
10_31_14_12_47_324.jpg,0.125663712621,0.600000023842
10_31_14_12_47_362.jpg,0.148352980614,0.600000023842
10_31_14_12_47_392.jpg,0.148352980614,0.600000023842
10_31_14_12_47_430.jpg,0.144862323999,0.600000023842
10_31_14_12_47_458.jpg,0.150098308921,0.600000023842
10_31_14_12_47_496.jpg,0.176278248429,0.600000023842
10_31_14_12_47_529.jpg,0.167551606894,0.600000023842
10_31_14_12_47_556.jpg,0.167551606894,0.600000023842
10_31_14_12_47_589.jpg,0.172787591815,0.600000023842
10_31_14_12_47_622.jpg,0.190240889788,0.600000023842
10_31_14_12_47_656.jpg,0.176278248429,0.600000023842
10_31_14_12_47_689.jpg,0.20769418776,0.600000023842
10_31_14_12_47_726.jpg,0.212930172682,0.600000023842
10_31_14_12_47_758.jpg,0.200712859631,0.600000023842
10_31_14_12_47_789.jpg,0.200712859631,0.600000023842
10_31_14_12_47_824.jpg,0.218166157603,0.600000023842
10_31_14_12_47_860.jpg,0.205948844552,0.600000023842
10_31_14_12_47_891.jpg,0.230383455753,0.600000023842
10_31_14_12_47_932.jpg,0.216420829296,0.600000023842
10_31_14_12_47_960.jpg,0.211184844375,0.600000023842
10_31_14_12_47_989.jpg,0.211184844375,0.600000023842
10_31_14_12_48_023.jpg,0.204203516245,0.600000023842
10_31_14_12_48_062.jpg,0.221656814218,0.600000023842
10_31_14_12_48_090.jpg,0.20769418776,0.600000023842
10_31_14_12_48_123.jpg,0.20769418776,0.600000023842
10_31_14_12_48_164.jpg,0.202458187938,0.600000023842
10_31_14_12_48_191.jpg,0.202458187938,0.600000023842
10_31_14_12_48_228.jpg,0.195476874709,0.600000023842
10_31_14_12_48_268.jpg,0.186750233173,0.600000023842
10_31_14_12_48_290.jpg,0.183259576559,0.600000023842
10_31_14_12_48_324.jpg,0.169296935201,0.600000023842
10_31_14_12_48_356.jpg,0.169296935201,0.600000023842
10_31_14_12_48_391.jpg,0.162315621972,0.600000023842
10_31_14_12_48_423.jpg,0.155334308743,0.600000023842
10_31_14_12_48_456.jpg,0.132645025849,0.600000023842
10_31_14_12_48_494.jpg,0.108210414648,0.600000023842
10_31_14_12_48_525.jpg,0.120427720249,0.600000023842
10_31_14_12_48_561.jpg,0.0837758034468,0.600000023842
10_31_14_12_48_594.jpg,0.0837758034468,0.600000023842
10_31_14_12_48_622.jpg,0.0890117883682,0.600000023842
10_31_14_12_48_657.jpg,0.0663225129247,0.600000023842
10_31_14_12_48_689.jpg,0.0471238903701,0.600000023842
10_31_14_12_48_723.jpg,0.0401425734162,0.600000023842
10_31_14_12_48_763.jpg,0.0349065847695,0.600000023842
10_31_14_12_48_790.jpg,0.0349065847695,0.600000023842
10_31_14_12_48_825.jpg,0.0157079640776,0.600000023842
10_31_14_12_48_859.jpg,0.0,0.600000023842
10_31_14_12_48_889.jpg,-0.0104719754308,0.600000023842
10_31_14_12_48_933.jpg,-0.0104719754308,0.600000023842
10_31_14_12_48_956.jpg,-0.0104719754308,0.600000023842
10_31_14_12_48_994.jpg,-0.0855211317539,0.600000023842
10_31_14_12_49_022.jpg,-0.0471238903701,0.600000023842
10_31_14_12_49_057.jpg,-0.0575958639383,0.600000023842
10_31_14_12_49_095.jpg,-0.157079637051,0.600000023842
10_31_14_12_49_122.jpg,-0.108210414648,0.600000023842
10_31_14_12_49_156.jpg,-0.108210414648,0.600000023842
10_31_14_12_49_190.jpg,-0.118682391942,0.600000023842
10_31_14_12_49_226.jpg,-0.129154369235,0.600000023842
10_31_14_12_49_271.jpg,-0.127409040928,0.600000023842
10_31_14_12_49_289.jpg,-0.136135682464,0.600000023842
10_31_14_12_49_327.jpg,-0.146607652307,0.600000023842
10_31_14_12_49_358.jpg,-0.153588980436,0.600000023842
10_31_14_12_49_393.jpg,-0.153588980436,0.600000023842
10_31_14_12_49_423.jpg,-0.160570293665,0.600000023842
10_31_14_12_49_456.jpg,-0.141371667385,0.600000023842
10_31_14_12_49_489.jpg,-0.137881010771,0.600000023842
10_31_14_12_49_523.jpg,-0.130899697542,0.600000023842
10_31_14_12_49_559.jpg,-0.122173048556,0.600000023842
10_31_14_12_49_597.jpg,-0.122173048556,0.600000023842
10_31_14_12_49_629.jpg,-0.116937056184,0.600000023842
10_31_14_12_49_657.jpg,-0.109955742955,0.600000023842
10_31_14_12_49_695.jpg,-0.115191727877,0.600000023842
10_31_14_12_49_727.jpg,-0.0977384373546,0.600000023842
10_31_14_12_49_757.jpg,-0.0977384373546,0.600000023842
10_31_14_12_49_793.jpg,-0.090757124126,0.600000023842
10_31_14_12_49_827.jpg,-0.0715584978461,0.600000023842
10_31_14_12_49_861.jpg,-0.0733038261533,0.600000023842
10_31_14_12_49_893.jpg,-0.0680678412318,0.600000023842
10_31_14_12_49_928.jpg,-0.0575958639383,0.600000023842
10_31_14_12_49_959.jpg,-0.0575958639383,0.600000023842
10_31_14_12_49_990.jpg,-0.0506145469844,0.600000023842
10_31_14_12_50_027.jpg,-0.054105207324,0.600000023842
10_31_14_12_50_060.jpg,-0.0244346093386,0.600000023842
10_31_14_12_50_091.jpg,-0.0261799395084,0.600000023842
10_31_14_12_50_129.jpg,0.0,0.600000023842
10_31_14_12_50_156.jpg,0.0,0.600000023842
10_31_14_12_50_197.jpg,-0.0296705979854,0.600000023842
10_31_14_12_50_224.jpg,0.00872664619237,0.600000023842
10_31_14_12_50_258.jpg,0.0191986225545,0.600000023842
10_31_14_12_50_293.jpg,0.0209439508617,0.600000023842
10_31_14_12_50_329.jpg,0.0418879017234,0.600000023842
10_31_14_12_50_359.jpg,0.0418879017234,0.600000023842
10_31_14_12_50_395.jpg,0.0418879017234,0.600000023842
10_31_14_12_50_431.jpg,0.0436332300305,0.600000023842
10_31_14_12_50_456.jpg,0.0488692186773,0.600000023842
10_31_14_12_50_489.jpg,0.0680678412318,0.600000023842
10_31_14_12_50_522.jpg,0.0855211317539,0.600000023842
10_31_14_12_50_561.jpg,0.0802851468325,0.600000023842
10_31_14_12_50_599.jpg,0.0959931090474,0.600000023842
10_31_14_12_50_624.jpg,0.0959931090474,0.600000023842
10_31_14_12_50_659.jpg,0.158824965358,0.600000023842
10_31_14_12_50_695.jpg,0.125663712621,0.600000023842
10_31_14_12_50_723.jpg,0.136135682464,0.600000023842
10_31_14_12_50_764.jpg,0.143116995692,0.600000023842
10_31_14_12_50_795.jpg,0.143116995692,0.600000023842
10_31_14_12_50_822.jpg,0.139626339078,0.600000023842
10_31_14_12_50_861.jpg,0.155334308743,0.600000023842
10_31_14_12_50_893.jpg,0.141371667385,0.600000023842
10_31_14_12_50_923.jpg,0.146607652307,0.600000023842
10_31_14_12_50_959.jpg,0.158824965358,0.600000023842
10_31_14_12_50_989.jpg,0.158824965358,0.600000023842
10_31_14_12_51_028.jpg,0.148352980614,0.600000023842
10_31_14_12_51_059.jpg,0.169296935201,0.600000023842
10_31_14_12_51_089.jpg,0.185004904866,0.600000023842
10_31_14_12_51_122.jpg,0.183259576559,0.600000023842
10_31_14_12_51_162.jpg,0.151843652129,0.600000023842
10_31_14_12_51_192.jpg,0.151843652129,0.600000023842
10_31_14_12_51_222.jpg,0.202458187938,0.600000023842
10_31_14_12_51_258.jpg,0.324631243944,0.600000023842
10_31_14_12_51_293.jpg,0.143116995692,0.600000023842
10_31_14_12_51_323.jpg,0.331612557173,0.600000023842
10_31_14_12_51_356.jpg,0.331612557173,0.600000023842
10_31_14_12_51_389.jpg,0.26354470849,0.600000023842
10_31_14_12_51_430.jpg,0.274016678333,0.600000023842
10_31_14_12_51_463.jpg,0.171042263508,0.600000023842
10_31_14_12_51_507.jpg,0.237364783883,0.600000023842
10_31_14_12_51_528.jpg,0.223402142525,0.600000023842
10_31_14_12_51_559.jpg,0.226892799139,0.600000023842
10_31_14_12_51_590.jpg,0.226892799139,0.600000023842
10_31_14_12_51_628.jpg,0.191986218095,0.600000023842
10_31_14_12_51_664.jpg,0.197222203016,0.600000023842
10_31_14_12_51_695.jpg,0.197222203016,0.600000023842
10_31_14_12_51_728.jpg,0.214675500989,0.600000023842
10_31_14_12_51_757.jpg,0.214675500989,0.600000023842
10_31_14_12_51_827.jpg,0.155334308743,0.600000023842
10_31_14_12_51_855.jpg,0.193731546402,0.600000023842
10_31_14_12_51_889.jpg,0.188495561481,0.600000023842
10_31_14_12_51_922.jpg,0.181514248252,0.600000023842
10_31_14_12_51_960.jpg,0.181514248252,0.600000023842
10_31_14_12_51_989.jpg,0.157079637051,0.600000023842
10_31_14_12_52_023.jpg,0.151843652129,0.600000023842
10_31_14_12_52_058.jpg,0.150098308921,0.600000023842
10_31_14_12_52_089.jpg,0.155334308743,0.600000023842
10_31_14_12_52_123.jpg,0.164060950279,0.600000023842
10_31_14_12_52_160.jpg,0.144862323999,0.600000023842
10_31_14_12_52_191.jpg,0.144862323999,0.600000023842
10_31_14_12_52_228.jpg,0.144862323999,0.600000023842
10_31_14_12_52_266.jpg,0.148352980614,0.600000023842
10_31_14_12_52_289.jpg,0.164060950279,0.600000023842
10_31_14_12_52_325.jpg,0.253072738647,0.600000023842
10_31_14_12_52_357.jpg,0.253072738647,0.600000023842
10_31_14_12_52_395.jpg,0.0820304751396,0.600000023842
10_31_14_12_52_423.jpg,0.267035365105,0.600000023842
10_31_14_12_52_490.jpg,0.158824965358,0.600000023842
10_31_14_12_52_527.jpg,0.293215304613,0.600000023842
10_31_14_12_52_558.jpg,0.198967531323,0.600000023842
10_31_14_12_52_597.jpg,0.198967531323,0.600000023842
10_31_14_12_52_625.jpg,0.193731546402,0.600000023842
10_31_14_12_52_660.jpg,0.23911011219,0.600000023842
10_31_14_12_52_694.jpg,0.230383455753,0.600000023842
10_31_14_12_52_725.jpg,0.240855440497,0.600000023842
10_31_14_12_52_770.jpg,0.253072738647,0.600000023842
10_31_14_12_52_797.jpg,0.253072738647,0.600000023842
10_31_14_12_52_831.jpg,0.28274333477,0.600000023842
10_31_14_12_52_863.jpg,0.303687304258,0.600000023842
10_31_14_12_52_891.jpg,0.317649930716,0.600000023842
10_31_14_12_52_924.jpg,0.329867213964,0.600000023842
10_31_14_12_52_959.jpg,0.331612557173,0.600000023842
10_31_14_12_52_990.jpg,0.331612557173,0.600000023842
10_31_14_12_53_024.jpg,0.329867213964,0.600000023842
10_31_14_12_53_061.jpg,0.342084527016,0.600000023842
10_31_14_12_53_100.jpg,0.352556496859,0.600000023842
10_31_14_12_53_167.jpg,0.354301840067,0.600000023842
10_31_14_12_53_197.jpg,0.354301840067,0.600000023842
10_31_14_12_53_225.jpg,0.354301840067,0.600000023842
10_31_14_12_53_262.jpg,0.352556496859,0.600000023842
10_31_14_12_53_333.jpg,0.368264466524,0.600000023842
10_31_14_12_53_360.jpg,0.368264466524,0.600000023842
10_31_14_12_53_396.jpg,0.368264466524,0.600000023842
10_31_14_12_53_428.jpg,0.34557518363,0.600000023842
10_31_14_12_53_500.jpg,0.349065840244,0.600000023842
10_31_14_12_53_532.jpg,0.314159274101,0.600000023842
10_31_14_12_53_560.jpg,0.32637655735,0.600000023842
10_31_14_12_53_592.jpg,0.32637655735,0.600000023842
10_31_14_12_53_625.jpg,0.32114058733,0.600000023842
10_31_14_12_53_658.jpg,0.30194196105,0.600000023842
10_31_14_12_53_691.jpg,0.286233991385,0.600000023842
10_31_14_12_53_727.jpg,0.261799395084,0.600000023842
10_31_14_12_53_767.jpg,0.274016678333,0.600000023842
10_31_14_12_53_830.jpg,0.25830873847,0.600000023842
10_31_14_12_53_866.jpg,0.212930172682,0.600000023842
10_31_14_12_53_897.jpg,0.223402142525,0.600000023842
10_31_14_12_53_936.jpg,0.218166157603,0.600000023842
10_31_14_12_54_007.jpg,0.204203516245,0.600000023842
10_31_14_12_54_029.jpg,0.204203516245,0.600000023842
10_31_14_12_54_063.jpg,0.191986218095,0.600000023842
10_31_14_12_54_097.jpg,0.191986218095,0.600000023842
10_31_14_12_54_133.jpg,0.181514248252,0.600000023842
10_31_14_12_54_161.jpg,0.171042263508,0.600000023842
10_31_14_12_54_192.jpg,0.171042263508,0.600000023842
10_31_14_12_54_229.jpg,0.164060950279,0.600000023842
10_31_14_12_54_259.jpg,0.151843652129,0.600000023842
10_31_14_12_54_302.jpg,0.150098308921,0.600000023842
10_31_14_12_54_327.jpg,0.144862323999,0.600000023842
10_31_14_12_54_361.jpg,0.139626339078,0.600000023842
10_31_14_12_54_394.jpg,0.139626339078,0.600000023842
10_31_14_12_54_429.jpg,0.139626339078,0.600000023842
10_31_14_12_54_494.jpg,0.127409040928,0.600000023842
10_31_14_12_54_529.jpg,0.106465086341,0.600000023842
10_31_14_12_54_565.jpg,0.116937056184,0.600000023842
10_31_14_12_54_594.jpg,0.116937056184,0.600000023842
10_31_14_12_54_661.jpg,0.102974422276,0.600000023842
10_31_14_12_54_696.jpg,0.0872664600611,0.600000023842
10_31_14_12_54_731.jpg,0.0890117883682,0.600000023842
10_31_14_12_54_763.jpg,0.0837758034468,0.600000023842
10_31_14_12_54_827.jpg,0.0837758034468,0.600000023842
10_31_14_12_54_860.jpg,0.0837758034468,0.600000023842
10_31_14_12_54_898.jpg,0.069813169539,0.600000023842
10_31_14_12_54_928.jpg,0.0663225129247,0.600000023842
10_31_14_12_54_995.jpg,0.0628318563104,0.600000023842
10_31_14_12_55_031.jpg,0.0628318563104,0.600000023842
10_31_14_12_55_062.jpg,0.0506145469844,0.600000023842
10_31_14_12_55_097.jpg,0.0471238903701,0.600000023842
10_31_14_12_55_168.jpg,0.0383972451091,0.600000023842
10_31_14_12_55_199.jpg,0.0279252678156,0.600000023842
10_31_14_12_55_232.jpg,0.0279252678156,0.600000023842
10_31_14_12_55_261.jpg,0.0261799395084,0.600000023842
10_31_14_12_55_334.jpg,0.0209439508617,0.600000023842
10_31_14_12_55_370.jpg,0.0122173046693,0.600000023842
10_31_14_12_55_400.jpg,0.0122173046693,0.600000023842
10_31_14_12_55_437.jpg,0.0122173046693,0.600000023842
10_31_14_12_55_500.jpg,0.00523598771542,0.600000023842
10_31_14_12_55_532.jpg,-0.00349065847695,0.600000023842
10_31_14_12_55_570.jpg,-0.00349065847695,0.600000023842
10_31_14_12_55_596.jpg,-0.00349065847695,0.600000023842
10_31_14_12_55_665.jpg,-0.00349065847695,0.600000023842
10_31_14_12_55_699.jpg,-0.00523598771542,0.600000023842
10_31_14_12_55_737.jpg,-0.0069813169539,0.600000023842
10_31_14_12_55_771.jpg,-0.00872664619237,0.600000023842
10_31_14_12_55_836.jpg,-0.00523598771542,0.600000023842
10_31_14_12_55_866.jpg,-0.0104719754308,0.600000023842
10_31_14_12_55_901.jpg,-0.0069813169539,0.600000023842
10_31_14_12_55_930.jpg,-0.0122173046693,0.600000023842
10_31_14_12_55_997.jpg,-0.00872664619237,0.600000023842
10_31_14_12_56_035.jpg,-0.00872664619237,0.600000023842
10_31_14_12_56_068.jpg,-0.0139626339078,0.600000023842
10_31_14_12_56_097.jpg,-0.0122173046693,0.600000023842
10_31_14_12_56_168.jpg,-0.0122173046693,0.600000023842
10_31_14_12_56_197.jpg,-0.0122173046693,0.600000023842
10_31_14_12_56_230.jpg,-0.0174532923847,0.600000023842
10_31_14_12_56_263.jpg,-0.0139626339078,0.600000023842
10_31_14_12_56_333.jpg,-0.0191986225545,0.600000023842
10_31_14_12_56_371.jpg,-0.0209439508617,0.600000023842
10_31_14_12_56_402.jpg,-0.0174532923847,0.600000023842
10_31_14_12_56_437.jpg,-0.0226892810315,0.600000023842
10_31_14_12_56_463.jpg,-0.0226892810315,0.600000023842
10_31_14_12_56_506.jpg,-0.0244346093386,0.600000023842
10_31_14_12_56_535.jpg,-0.0209439508617,0.600000023842
10_31_14_12_56_563.jpg,-0.0261799395084,0.600000023842
10_31_14_12_56_599.jpg,-0.0226892810315,0.600000023842
10_31_14_12_56_667.jpg,-0.0226892810315,0.600000023842
10_31_14_12_56_703.jpg,-0.0279252678156,0.600000023842
10_31_14_12_56_736.jpg,-0.0244346093386,0.600000023842
10_31_14_12_56_772.jpg,-0.0244346093386,0.600000023842
10_31_14_12_56_800.jpg,-0.0244346093386,0.600000023842
10_31_14_12_56_833.jpg,-0.0244346093386,0.600000023842
10_31_14_12_56_863.jpg,-0.0244346093386,0.600000023842
10_31_14_12_56_897.jpg,-0.0244346093386,0.600000023842
10_31_14_12_56_930.jpg,-0.0244346093386,0.600000023842
10_31_14_12_56_971.jpg,-0.0296705979854,0.600000023842
10_31_14_12_57_003.jpg,-0.0261799395084,0.600000023842
10_31_14_12_57_036.jpg,-0.0261799395084,0.600000023842
10_31_14_12_57_067.jpg,-0.0209439508617,0.600000023842
10_31_14_12_57_101.jpg,-0.0261799395084,0.600000023842
10_31_14_12_57_171.jpg,-0.0314159281552,0.600000023842
10_31_14_12_57_199.jpg,-0.0314159281552,0.600000023842
10_31_14_12_57_236.jpg,-0.0279252678156,0.600000023842
10_31_14_12_57_264.jpg,-0.0226892810315,0.600000023842
10_31_14_12_57_335.jpg,-0.0261799395084,0.600000023842
10_31_14_12_57_367.jpg,-0.0157079640776,0.600000023842
10_31_14_12_57_405.jpg,-0.0226892810315,0.600000023842
10_31_14_12_57_432.jpg,-0.0226892810315,0.600000023842
10_31_14_12_57_507.jpg,-0.00872664619237,0.600000023842
10_31_14_12_57_537.jpg,-0.0104719754308,0.600000023842
10_31_14_12_57_565.jpg,-0.00872664619237,0.600000023842
10_31_14_12_57_611.jpg,0.00349065847695,0.600000023842
10_31_14_12_57_667.jpg,-0.0069813169539,0.600000023842
10_31_14_12_57_703.jpg,-0.0069813169539,0.600000023842
10_31_14_12_57_750.jpg,0.00872664619237,0.600000023842
10_31_14_12_57_774.jpg,0.0209439508617,0.600000023842
10_31_14_12_57_833.jpg,0.0209439508617,0.600000023842
10_31_14_12_57_865.jpg,0.0209439508617,0.600000023842
10_31_14_12_57_904.jpg,0.0401425734162,0.600000023842
10_31_14_12_57_932.jpg,0.0471238903701,0.600000023842
10_31_14_12_58_010.jpg,0.0680678412318,0.600000023842
10_31_14_12_58_043.jpg,0.0733038261533,0.600000023842
10_31_14_12_58_066.jpg,0.0733038261533,0.600000023842
10_31_14_12_58_101.jpg,0.0942477807403,0.600000023842
10_31_14_12_58_170.jpg,0.0890117883682,0.600000023842
10_31_14_12_58_207.jpg,0.109955742955,0.600000023842
10_31_14_12_58_235.jpg,0.109955742955,0.600000023842
10_31_14_12_58_273.jpg,0.125663712621,0.600000023842
10_31_14_12_58_325.jpg,0.11344639957,0.600000023842
10_31_14_12_58_362.jpg,0.137881010771,0.600000023842
10_31_14_12_58_390.jpg,0.137881010771,0.600000023842
10_31_14_12_58_425.jpg,0.127409040928,0.600000023842
10_31_14_12_58_462.jpg,0.134390354156,0.600000023842
10_31_14_12_58_489.jpg,0.153588980436,0.600000023842
10_31_14_12_58_525.jpg,0.141371667385,0.600000023842
10_31_14_12_58_562.jpg,0.195476874709,0.600000023842
10_31_14_12_58_595.jpg,0.195476874709,0.600000023842
10_31_14_12_58_628.jpg,0.136135682464,0.600000023842
10_31_14_12_58_663.jpg,0.160570293665,0.600000023842
10_31_14_12_58_690.jpg,0.150098308921,0.600000023842
10_31_14_12_58_725.jpg,0.172787591815,0.600000023842
10_31_14_12_58_759.jpg,0.172787591815,0.600000023842
10_31_14_12_58_790.jpg,0.172787591815,0.600000023842
10_31_14_12_58_826.jpg,0.167551606894,0.600000023842
10_31_14_12_58_864.jpg,0.169296935201,0.600000023842
10_31_14_12_58_895.jpg,0.171042263508,0.600000023842
10_31_14_12_58_925.jpg,0.162315621972,0.600000023842
10_31_14_12_58_957.jpg,0.162315621972,0.600000023842
10_31_14_12_59_007.jpg,0.171042263508,0.600000023842
10_31_14_12_59_023.jpg,0.171042263508,0.600000023842
10_31_14_12_59_056.jpg,0.150098308921,0.600000023842
10_31_14_12_59_093.jpg,0.169296935201,0.600000023842
10_31_14_12_59_123.jpg,0.150098308921,0.600000023842
10_31_14_12_59_158.jpg,0.150098308921,0.600000023842
10_31_14_12_59_189.jpg,0.155334308743,0.600000023842
10_31_14_12_59_226.jpg,0.151843652129,0.600000023842
10_31_14_12_59_261.jpg,0.153588980436,0.600000023842
10_31_14_12_59_290.jpg,0.157079637051,0.600000023842
10_31_14_12_59_324.jpg,0.151843652129,0.600000023842
10_31_14_12_59_364.jpg,0.155334308743,0.600000023842
10_31_14_12_59_392.jpg,0.155334308743,0.600000023842
10_31_14_12_59_427.jpg,0.165806278586,0.600000023842
10_31_14_12_59_457.jpg,0.151843652129,0.600000023842
10_31_14_12_59_490.jpg,0.139626339078,0.600000023842
10_31_14_12_59_523.jpg,0.150098308921,0.600000023842
10_31_14_12_59_559.jpg,0.155334308743,0.600000023842
10_31_14_12_59_593.jpg,0.155334308743,0.600000023842
10_31_14_12_59_625.jpg,0.151843652129,0.600000023842
10_31_14_12_59_661.jpg,0.150098308921,0.600000023842
10_31_14_12_59_695.jpg,0.164060950279,0.600000023842
10_31_14_12_59_726.jpg,0.141371667385,0.600000023842
10_31_14_12_59_760.jpg,0.157079637051,0.600000023842
10_31_14_12_59_799.jpg,0.160570293665,0.600000023842
10_31_14_12_59_824.jpg,0.160570293665,0.600000023842
10_31_14_12_59_857.jpg,0.172787591815,0.600000023842
10_31_14_12_59_890.jpg,0.162315621972,0.600000023842
10_31_14_12_59_930.jpg,0.167551606894,0.600000023842
10_31_14_12_59_965.jpg,0.164060950279,0.600000023842
10_31_14_12_59_989.jpg,0.164060950279,0.600000023842
10_31_14_13_00_029.jpg,0.169296935201,0.600000023842
10_31_14_13_00_062.jpg,0.185004904866,0.600000023842
10_31_14_13_00_094.jpg,0.185004904866,0.600000023842
10_31_14_13_00_125.jpg,0.188495561481,0.600000023842
10_31_14_13_00_160.jpg,0.197222203016,0.600000023842
10_31_14_13_00_197.jpg,0.197222203016,0.600000023842
10_31_14_13_00_227.jpg,0.193731546402,0.600000023842
10_31_14_13_00_260.jpg,0.190240889788,0.600000023842
10_31_14_13_00_292.jpg,0.195476874709,0.600000023842
10_31_14_13_00_322.jpg,0.197222203016,0.600000023842
10_31_14_13_00_356.jpg,0.197222203016,0.600000023842
10_31_14_13_00_393.jpg,0.188495561481,0.600000023842
10_31_14_13_00_428.jpg,0.181514248252,0.600000023842
10_31_14_13_00_464.jpg,0.190240889788,0.600000023842
10_31_14_13_00_493.jpg,0.183259576559,0.600000023842
10_31_14_13_00_524.jpg,0.190240889788,0.600000023842
10_31_14_13_00_561.jpg,0.185004904866,0.600000023842
10_31_14_13_00_592.jpg,0.185004904866,0.600000023842
10_31_14_13_00_624.jpg,0.188495561481,0.600000023842
10_31_14_13_00_656.jpg,0.179768919945,0.600000023842
10_31_14_13_00_689.jpg,0.178023576736,0.600000023842
10_31_14_13_00_723.jpg,0.171042263508,0.600000023842
10_31_14_13_00_761.jpg,0.162315621972,0.600000023842
10_31_14_13_00_790.jpg,0.162315621972,0.600000023842
10_31_14_13_00_823.jpg,0.157079637051,0.600000023842
10_31_14_13_00_862.jpg,0.151843652129,0.600000023842
10_31_14_13_00_891.jpg,0.141371667385,0.600000023842
10_31_14_13_00_924.jpg,0.157079637051,0.600000023842
10_31_14_13_00_964.jpg,0.137881010771,0.600000023842
10_31_14_13_00_989.jpg,0.137881010771,0.600000023842
10_31_14_13_01_027.jpg,0.139626339078,0.600000023842
10_31_14_13_01_060.jpg,0.157079637051,0.600000023842
10_31_14_13_01_090.jpg,0.132645025849,0.600000023842
10_31_14_13_01_130.jpg,0.134390354156,0.600000023842
10_31_14_13_01_156.jpg,0.134390354156,0.600000023842
10_31_14_13_01_189.jpg,0.153588980436,0.600000023842
10_31_14_13_01_224.jpg,0.127409040928,0.600000023842
10_31_14_13_01_262.jpg,0.136135682464,0.600000023842
10_31_14_13_01_301.jpg,0.0994837656617,0.600000023842
10_31_14_13_01_325.jpg,0.108210414648,0.600000023842
10_31_14_13_01_360.jpg,0.118682391942,0.600000023842
10_31_14_13_01_391.jpg,0.118682391942,0.600000023842
10_31_14_13_01_426.jpg,0.0663225129247,0.600000023842
10_31_14_13_01_458.jpg,0.0977384373546,0.600000023842
10_31_14_13_01_498.jpg,0.116937056184,0.600000023842
10_31_14_13_01_524.jpg,0.0959931090474,0.600000023842
10_31_14_13_01_563.jpg,0.0715584978461,0.600000023842
10_31_14_13_01_592.jpg,0.0715584978461,0.600000023842
10_31_14_13_01_631.jpg,0.0174532923847,0.600000023842
10_31_14_13_01_662.jpg,0.169296935201,0.600000023842
10_31_14_13_01_689.jpg,0.115191727877,0.600000023842
10_31_14_13_01_726.jpg,0.122173048556,0.600000023842
10_31_14_13_01_758.jpg,0.130899697542,0.600000023842
10_31_14_13_01_798.jpg,0.141371667385,0.600000023842
10_31_14_13_01_829.jpg,0.141371667385,0.600000023842
10_31_14_13_01_863.jpg,0.167551606894,0.600000023842
10_31_14_13_01_893.jpg,0.136135682464,0.600000023842
10_31_14_13_01_924.jpg,0.136135682464,0.600000023842
10_31_14_13_01_963.jpg,0.178023576736,0.600000023842
10_31_14_13_01_989.jpg,0.178023576736,0.600000023842
10_31_14_13_02_022.jpg,0.123918376863,0.600000023842
10_31_14_13_02_061.jpg,0.174532920122,0.600000023842
10_31_14_13_02_093.jpg,0.174532920122,0.600000023842
10_31_14_13_02_124.jpg,0.134390354156,0.600000023842
10_31_14_13_02_158.jpg,0.162315621972,0.600000023842
10_31_14_13_02_196.jpg,0.162315621972,0.600000023842
10_31_14_13_02_226.jpg,0.151843652129,0.600000023842
10_31_14_13_02_259.jpg,0.200712859631,0.600000023842
10_31_14_13_02_295.jpg,0.178023576736,0.600000023842
10_31_14_13_02_323.jpg,0.164060950279,0.600000023842
10_31_14_13_02_360.jpg,0.186750233173,0.600000023842
10_31_14_13_02_391.jpg,0.186750233173,0.600000023842
10_31_14_13_02_426.jpg,0.181514248252,0.600000023842
10_31_14_13_02_457.jpg,0.160570293665,0.600000023842
10_31_14_13_02_490.jpg,0.174532920122,0.600000023842
10_31_14_13_02_527.jpg,0.174532920122,0.600000023842
10_31_14_13_02_558.jpg,0.174532920122,0.600000023842
10_31_14_13_02_591.jpg,0.174532920122,0.600000023842
10_31_14_13_02_631.jpg,0.148352980614,0.600000023842
10_31_14_13_02_656.jpg,0.158824965358,0.600000023842
10_31_14_13_02_699.jpg,0.171042263508,0.600000023842
10_31_14_13_02_731.jpg,0.157079637051,0.600000023842
10_31_14_13_02_765.jpg,0.158824965358,0.600000023842
10_31_14_13_02_791.jpg,0.158824965358,0.600000023842
10_31_14_13_02_823.jpg,0.153588980436,0.600000023842
10_31_14_13_02_858.jpg,0.146607652307,0.600000023842
10_31_14_13_02_890.jpg,0.143116995692,0.600000023842
10_31_14_13_02_924.jpg,0.134390354156,0.600000023842
10_31_14_13_02_964.jpg,0.134390354156,0.600000023842
10_31_14_13_02_990.jpg,0.134390354156,0.600000023842
10_31_14_13_03_026.jpg,0.130899697542,0.600000023842
10_31_14_13_03_058.jpg,0.127409040928,0.600000023842
10_31_14_13_03_094.jpg,0.134390354156,0.600000023842
10_31_14_13_03_126.jpg,0.144862323999,0.600000023842
10_31_14_13_03_157.jpg,0.144862323999,0.600000023842
10_31_14_13_03_193.jpg,0.137881010771,0.600000023842
10_31_14_13_03_226.jpg,0.143116995692,0.600000023842
10_31_14_13_03_261.jpg,0.153588980436,0.600000023842
10_31_14_13_03_297.jpg,0.158824965358,0.600000023842
10_31_14_13_03_324.jpg,0.155334308743,0.600000023842
10_31_14_13_03_356.jpg,0.155334308743,0.600000023842
10_31_14_13_03_394.jpg,0.155334308743,0.600000023842
10_31_14_13_03_427.jpg,0.139626339078,0.600000023842
10_31_14_13_03_457.jpg,0.143116995692,0.600000023842
10_31_14_13_03_495.jpg,0.160570293665,0.600000023842
10_31_14_13_03_522.jpg,0.148352980614,0.600000023842
10_31_14_13_03_556.jpg,0.148352980614,0.600000023842
10_31_14_13_03_593.jpg,0.136135682464,0.600000023842
10_31_14_13_03_625.jpg,0.130899697542,0.600000023842
10_31_14_13_03_656.jpg,0.111701071262,0.600000023842
10_31_14_13_03_689.jpg,0.151843652129,0.600000023842
10_31_14_13_03_723.jpg,0.0890117883682,0.600000023842
10_31_14_13_03_756.jpg,0.0890117883682,0.600000023842
10_31_14_13_03_790.jpg,0.0663225129247,0.600000023842
10_31_14_13_03_830.jpg,0.130899697542,0.600000023842
10_31_14_13_03_857.jpg,0.270526021719,0.600000023842
10_31_14_13_03_892.jpg,0.0383972451091,0.600000023842
10_31_14_13_03_925.jpg,0.0872664600611,0.600000023842
10_31_14_13_03_960.jpg,0.42760565877,0.600000023842
10_31_14_13_04_002.jpg,0.230383455753,0.600000023842
10_31_14_13_04_030.jpg,0.230383455753,0.600000023842
10_31_14_13_04_065.jpg,0.176278248429,0.600000023842
10_31_14_13_04_089.jpg,0.146607652307,0.600000023842
10_31_14_13_04_128.jpg,0.120427720249,0.600000023842
10_31_14_13_04_163.jpg,0.0802851468325,0.600000023842
10_31_14_13_04_193.jpg,0.0802851468325,0.600000023842
10_31_14_13_04_225.jpg,0.164060950279,0.600000023842
10_31_14_13_04_258.jpg,0.191986218095,0.600000023842
10_31_14_13_04_295.jpg,0.111701071262,0.600000023842
10_31_14_13_04_324.jpg,0.144862323999,0.600000023842
10_31_14_13_04_357.jpg,0.376991122961,0.600000023842
10_31_14_13_04_390.jpg,0.376991122961,0.600000023842
10_31_14_13_04_426.jpg,0.157079637051,0.600000023842
10_31_14_13_04_457.jpg,0.221656814218,0.600000023842
10_31_14_13_04_489.jpg,0.174532920122,0.600000023842
10_31_14_13_04_528.jpg,0.171042263508,0.600000023842
10_31_14_13_04_561.jpg,0.132645025849,0.600000023842
10_31_14_13_04_593.jpg,0.132645025849,0.600000023842
10_31_14_13_04_629.jpg,0.178023576736,0.600000023842
10_31_14_13_04_661.jpg,0.129154369235,0.600000023842
10_31_14_13_04_695.jpg,0.164060950279,0.600000023842
10_31_14_13_04_728.jpg,0.129154369235,0.600000023842
10_31_14_13_04_763.jpg,0.127409040928,0.600000023842
10_31_14_13_04_795.jpg,0.127409040928,0.600000023842
10_31_14_13_04_824.jpg,0.106465086341,0.600000023842
10_31_14_13_04_862.jpg,0.118682391942,0.600000023842
10_31_14_13_04_892.jpg,0.104719758034,0.600000023842
10_31_14_13_04_925.jpg,0.0767944902182,0.600000023842
10_31_14_13_04_967.jpg,0.115191727877,0.600000023842
10_31_14_13_04_995.jpg,0.115191727877,0.600000023842
10_31_14_13_05_024.jpg,0.0925024524331,0.600000023842
10_31_14_13_05_060.jpg,0.0890117883682,0.600000023842
10_31_14_13_05_093.jpg,0.0802851468325,0.600000023842
10_31_14_13_05_131.jpg,0.0750491544604,0.600000023842
10_31_14_13_05_158.jpg,0.0750491544604,0.600000023842
10_31_14_13_05_190.jpg,0.069813169539,0.600000023842
10_31_14_13_05_224.jpg,0.0645771846175,0.600000023842
10_31_14_13_05_257.jpg,0.0488692186773,0.600000023842
10_31_14_13_05_300.jpg,0.0575958639383,0.600000023842
10_31_14_13_05_326.jpg,0.045378562063,0.600000023842
10_31_14_13_05_361.jpg,0.045378562063,0.600000023842
10_31_14_13_05_394.jpg,0.045378562063,0.600000023842
10_31_14_13_05_425.jpg,0.0366519130766,0.600000023842
10_31_14_13_05_467.jpg,0.0314159281552,0.600000023842
10_31_14_13_05_489.jpg,0.0279252678156,0.600000023842
10_31_14_13_05_522.jpg,0.0191986225545,0.600000023842
10_31_14_13_05_559.jpg,0.0191986225545,0.600000023842
10_31_14_13_05_593.jpg,0.0191986225545,0.600000023842
10_31_14_13_05_635.jpg,0.0157079640776,0.600000023842
10_31_14_13_05_661.jpg,0.0174532923847,0.600000023842
10_31_14_13_05_693.jpg,0.0122173046693,0.600000023842
10_31_14_13_05_729.jpg,0.00523598771542,0.600000023842
10_31_14_13_05_760.jpg,0.0122173046693,0.600000023842
10_31_14_13_05_797.jpg,-0.0157079640776,0.600000023842
10_31_14_13_05_825.jpg,-0.0157079640776,0.600000023842
10_31_14_13_05_858.jpg,0.0261799395084,0.600000023842
10_31_14_13_05_889.jpg,0.0174532923847,0.600000023842
10_31_14_13_05_928.jpg,0.0506145469844,0.600000023842
10_31_14_13_05_964.jpg,0.0418879017234,0.600000023842
10_31_14_13_05_994.jpg,0.0418879017234,0.600000023842
10_31_14_13_06_025.jpg,0.00349065847695,0.600000023842
10_31_14_13_06_059.jpg,0.00349065847695,0.600000023842
10_31_14_13_06_093.jpg,0.0680678412318,0.600000023842
10_31_14_13_06_128.jpg,0.069813169539,0.600000023842
10_31_14_13_06_159.jpg,0.106465086341,0.600000023842
10_31_14_13_06_196.jpg,0.106465086341,0.600000023842
10_31_14_13_06_225.jpg,0.134390354156,0.600000023842
10_31_14_13_06_260.jpg,0.118682391942,0.600000023842
10_31_14_13_06_290.jpg,0.155334308743,0.600000023842
10_31_14_13_06_323.jpg,0.139626339078,0.600000023842
10_31_14_13_06_361.jpg,0.150098308921,0.600000023842
10_31_14_13_06_390.jpg,0.150098308921,0.600000023842
10_31_14_13_06_424.jpg,0.151843652129,0.600000023842
10_31_14_13_06_460.jpg,0.171042263508,0.600000023842
10_31_14_13_06_501.jpg,0.172787591815,0.600000023842
10_31_14_13_06_525.jpg,0.178023576736,0.600000023842
10_31_14_13_06_556.jpg,0.178023576736,0.600000023842
10_31_14_13_06_589.jpg,0.193731546402,0.600000023842
10_31_14_13_06_623.jpg,0.186750233173,0.600000023842
10_31_14_13_06_660.jpg,0.195476874709,0.600000023842
10_31_14_13_06_694.jpg,0.186750233173,0.600000023842
10_31_14_13_06_730.jpg,0.200712859631,0.600000023842
10_31_14_13_06_759.jpg,0.251327425241,0.600000023842
10_31_14_13_06_792.jpg,0.251327425241,0.600000023842
10_31_14_13_06_832.jpg,0.235619455576,0.600000023842
10_31_14_13_06_857.jpg,0.240855440497,0.600000023842
10_31_14_13_06_889.jpg,0.218166157603,0.600000023842
10_31_14_13_06_926.jpg,0.200712859631,0.600000023842
10_31_14_13_06_966.jpg,0.214675500989,0.600000023842
10_31_14_13_06_993.jpg,0.214675500989,0.600000023842
10_31_14_13_07_024.jpg,0.204203516245,0.600000023842
10_31_14_13_07_060.jpg,0.191986218095,0.600000023842
10_31_14_13_07_093.jpg,0.202458187938,0.600000023842
10_31_14_13_07_126.jpg,0.197222203016,0.600000023842
10_31_14_13_07_162.jpg,0.195476874709,0.600000023842
10_31_14_13_07_194.jpg,0.195476874709,0.600000023842
10_31_14_13_07_225.jpg,0.178023576736,0.600000023842
10_31_14_13_07_260.jpg,0.178023576736,0.600000023842
10_31_14_13_07_296.jpg,0.169296935201,0.600000023842
10_31_14_13_07_326.jpg,0.158824965358,0.600000023842
10_31_14_13_07_355.jpg,0.158824965358,0.600000023842
10_31_14_13_07_394.jpg,0.151843652129,0.600000023842
10_31_14_13_07_424.jpg,0.144862323999,0.600000023842
10_31_14_13_07_457.jpg,0.108210414648,0.600000023842
10_31_14_13_07_491.jpg,0.120427720249,0.600000023842
10_31_14_13_07_523.jpg,0.0837758034468,0.600000023842
10_31_14_13_07_557.jpg,0.0837758034468,0.600000023842
10_31_14_13_07_593.jpg,0.0890117883682,0.600000023842
10_31_14_13_07_623.jpg,0.0645771846175,0.600000023842
10_31_14_13_07_664.jpg,0.0558505356312,0.600000023842
10_31_14_13_07_691.jpg,0.0366519130766,0.600000023842
10_31_14_13_07_725.jpg,0.0349065847695,0.600000023842
10_31_14_13_07_759.jpg,0.0209439508617,0.600000023842
10_31_14_13_07_812.jpg,0.0209439508617,0.600000023842
10_31_14_13_07_825.jpg,0.00523598771542,0.600000023842
10_31_14_13_07_859.jpg,-0.00174532923847,0.600000023842
10_31_14_13_07_889.jpg,-0.0069813169539,0.600000023842
10_31_14_13_07_922.jpg,-0.0855211317539,0.600000023842
10_31_14_13_07_960.jpg,-0.00523598771542,0.600000023842
10_31_14_13_07_989.jpg,-0.00523598771542,0.600000023842
10_31_14_13_08_026.jpg,-0.0506145469844,0.600000023842
10_31_14_13_08_060.jpg,-0.0174532923847,0.600000023842
10_31_14_13_08_091.jpg,-0.167551606894,0.600000023842
10_31_14_13_08_130.jpg,-0.122173048556,0.600000023842
10_31_14_13_08_158.jpg,-0.122173048556,0.600000023842
10_31_14_13_08_189.jpg,-0.143116995692,0.600000023842
10_31_14_13_08_225.jpg,-0.174532920122,0.600000023842
10_31_14_13_08_262.jpg,-0.174532920122,0.600000023842
10_31_14_13_08_292.jpg,-0.160570293665,0.600000023842
10_31_14_13_08_332.jpg,-0.172787591815,0.600000023842
10_31_14_13_08_356.jpg,-0.172787591815,0.600000023842
10_31_14_13_08_396.jpg,-0.167551606894,0.600000023842
10_31_14_13_08_425.jpg,-0.148352980614,0.600000023842
10_31_14_13_08_456.jpg,-0.150098308921,0.600000023842
10_31_14_13_08_489.jpg,-0.137881010771,0.600000023842
10_31_14_13_08_522.jpg,-0.127409040928,0.600000023842
10_31_14_13_08_562.jpg,-0.120427720249,0.600000023842
10_31_14_13_08_591.jpg,-0.120427720249,0.600000023842
10_31_14_13_08_623.jpg,-0.123918376863,0.600000023842
10_31_14_13_08_657.jpg,-0.115191727877,0.600000023842
10_31_14_13_08_692.jpg,-0.111701071262,0.600000023842
10_31_14_13_08_723.jpg,-0.0977384373546,0.600000023842
10_31_14_13_08_761.jpg,-0.0855211317539,0.600000023842
10_31_14_13_08_790.jpg,-0.0855211317539,0.600000023842
10_31_14_13_08_831.jpg,-0.0767944902182,0.600000023842
10_31_14_13_08_856.jpg,-0.0663225129247,0.600000023842
10_31_14_13_08_892.jpg,-0.0593411959708,0.600000023842
10_31_14_13_08_923.jpg,-0.0471238903701,0.600000023842
10_31_14_13_08_969.jpg,-0.0488692186773,0.600000023842
10_31_14_13_08_994.jpg,-0.0488692186773,0.600000023842
10_31_14_13_09_024.jpg,-0.0383972451091,0.600000023842
10_31_14_13_09_059.jpg,-0.0279252678156,0.600000023842
10_31_14_13_09_089.jpg,0.00872664619237,0.600000023842
10_31_14_13_09_124.jpg,-0.00174532923847,0.600000023842
10_31_14_13_09_156.jpg,-0.00174532923847,0.600000023842
10_31_14_13_09_193.jpg,0.00523598771542,0.600000023842
10_31_14_13_09_223.jpg,0.0209439508617,0.600000023842
10_31_14_13_09_262.jpg,0.0174532923847,0.600000023842
10_31_14_13_09_290.jpg,0.0366519130766,0.600000023842
10_31_14_13_09_326.jpg,0.0401425734162,0.600000023842
10_31_14_13_09_359.jpg,0.0471238903701,0.600000023842
10_31_14_13_09_393.jpg,0.0471238903701,0.600000023842
10_31_14_13_09_428.jpg,0.054105207324,0.600000023842
10_31_14_13_09_460.jpg,0.0680678412318,0.600000023842
10_31_14_13_09_489.jpg,0.0855211317539,0.600000023842
10_31_14_13_09_528.jpg,0.116937056184,0.600000023842
10_31_14_13_09_556.jpg,0.116937056184,0.600000023842
10_31_14_13_09_590.jpg,0.0715584978461,0.600000023842
10_31_14_13_09_631.jpg,0.104719758034,0.600000023842
10_31_14_13_09_656.jpg,0.127409040928,0.600000023842
10_31_14_13_09_689.jpg,0.129154369235,0.600000023842
10_31_14_13_09_723.jpg,0.134390354156,0.600000023842
10_31_14_13_09_760.jpg,0.129154369235,0.600000023842
10_31_14_13_09_789.jpg,0.129154369235,0.600000023842
10_31_14_13_09_824.jpg,0.146607652307,0.600000023842
10_31_14_13_09_858.jpg,0.144862323999,0.600000023842
10_31_14_13_09_893.jpg,0.151843652129,0.600000023842
10_31_14_13_09_926.jpg,0.155334308743,0.600000023842
10_31_14_13_09_962.jpg,0.158824965358,0.600000023842
10_31_14_13_09_995.jpg,0.158824965358,0.600000023842
10_31_14_13_10_028.jpg,0.157079637051,0.600000023842
10_31_14_13_10_060.jpg,0.179768919945,0.600000023842
10_31_14_13_10_103.jpg,0.160570293665,0.600000023842
10_31_14_13_10_131.jpg,0.179768919945,0.600000023842
10_31_14_13_10_156.jpg,0.179768919945,0.600000023842
10_31_14_13_10_189.jpg,0.179768919945,0.600000023842
10_31_14_13_10_225.jpg,0.34557518363,0.600000023842
10_31_14_13_10_259.jpg,0.249582082033,0.600000023842
10_31_14_13_10_296.jpg,0.125663712621,0.600000023842
10_31_14_13_10_357.jpg,0.237364783883,0.600000023842
10_31_14_13_10_390.jpg,0.237364783883,0.600000023842
10_31_14_13_10_423.jpg,0.310668617487,0.600000023842
10_31_14_13_10_456.jpg,0.242600768805,0.600000023842
10_31_14_13_10_494.jpg,0.260054051876,0.600000023842
10_31_14_13_10_528.jpg,0.216420829296,0.600000023842
10_31_14_13_10_561.jpg,0.371755123138,0.600000023842
10_31_14_13_10_590.jpg,0.371755123138,0.600000023842
10_31_14_13_10_623.jpg,0.127409040928,0.600000023842
10_31_14_13_10_657.jpg,0.144862323999,0.600000023842
10_31_14_13_10_692.jpg,0.198967531323,0.600000023842
10_31_14_13_10_730.jpg,0.209439516068,0.600000023842
10_31_14_13_10_759.jpg,0.162315621972,0.600000023842
10_31_14_13_10_794.jpg,0.162315621972,0.600000023842
10_31_14_13_10_827.jpg,0.167551606894,0.600000023842
10_31_14_13_10_857.jpg,0.211184844375,0.600000023842
10_31_14_13_10_890.jpg,0.155334308743,0.600000023842
10_31_14_13_10_927.jpg,0.150098308921,0.600000023842
10_31_14_13_10_960.jpg,0.172787591815,0.600000023842
10_31_14_13_10_998.jpg,0.157079637051,0.600000023842
10_31_14_13_11_031.jpg,0.157079637051,0.600000023842
10_31_14_13_11_061.jpg,0.151843652129,0.600000023842
10_31_14_13_11_095.jpg,0.150098308921,0.600000023842
10_31_14_13_11_129.jpg,0.148352980614,0.600000023842
10_31_14_13_11_161.jpg,0.141371667385,0.600000023842
10_31_14_13_11_195.jpg,0.141371667385,0.600000023842
10_31_14_13_11_223.jpg,0.123918376863,0.600000023842
10_31_14_13_11_259.jpg,0.153588980436,0.600000023842
10_31_14_13_11_290.jpg,0.153588980436,0.600000023842
10_31_14_13_11_357.jpg,0.146607652307,0.600000023842
10_31_14_13_11_391.jpg,0.146607652307,0.600000023842
10_31_14_13_11_423.jpg,0.272271364927,0.600000023842
10_31_14_13_11_470.jpg,0.287979334593,0.600000023842
10_31_14_13_11_500.jpg,0.235619455576,0.600000023842
10_31_14_13_11_523.jpg,0.191986218095,0.600000023842
10_31_14_13_11_560.jpg,0.20769418776,0.600000023842
10_31_14_13_11_599.jpg,0.209439516068,0.600000023842
10_31_14_13_11_627.jpg,0.209439516068,0.600000023842
10_31_14_13_11_660.jpg,0.212930172682,0.600000023842
10_31_14_13_11_695.jpg,0.21991148591,0.600000023842
10_31_14_13_11_723.jpg,0.23911011219,0.600000023842
10_31_14_13_11_763.jpg,0.268780708313,0.600000023842
10_31_14_13_11_793.jpg,0.268780708313,0.600000023842
10_31_14_13_11_824.jpg,0.279252678156,0.600000023842
10_31_14_13_11_857.jpg,0.303687304258,0.600000023842
10_31_14_13_11_893.jpg,0.315904587507,0.600000023842
10_31_14_13_11_924.jpg,0.322885900736,0.600000023842
10_31_14_13_11_959.jpg,0.322885900736,0.600000023842
10_31_14_13_11_989.jpg,0.338593870401,0.600000023842
10_31_14_13_12_023.jpg,0.34557518363,0.600000023842
10_31_14_13_12_059.jpg,0.338593870401,0.600000023842
10_31_14_13_12_090.jpg,0.357792496681,0.600000023842
10_31_14_13_12_132.jpg,0.350811183453,0.600000023842
10_31_14_13_12_156.jpg,0.350811183453,0.600000023842
10_31_14_13_12_201.jpg,0.356047153473,0.600000023842
10_31_14_13_12_223.jpg,0.356047153473,0.600000023842
10_31_14_13_12_256.jpg,0.363028496504,0.600000023842
10_31_14_13_12_295.jpg,0.361283153296,0.600000023842
10_31_14_13_12_322.jpg,0.357792496681,0.600000023842
10_31_14_13_12_357.jpg,0.357792496681,0.600000023842
10_31_14_13_12_396.jpg,0.357792496681,0.600000023842
10_31_14_13_12_426.jpg,0.356047153473,0.600000023842
10_31_14_13_12_456.jpg,0.329867213964,0.600000023842
10_31_14_13_12_502.jpg,0.331612557173,0.600000023842
10_31_14_13_12_531.jpg,0.32637655735,0.600000023842
10_31_14_13_12_560.jpg,0.32114058733,0.600000023842
10_31_14_13_12_589.jpg,0.32114058733,0.600000023842
10_31_14_13_12_632.jpg,0.300196617842,0.600000023842
10_31_14_13_12_655.jpg,0.280998021364,0.600000023842
10_31_14_13_12_689.jpg,0.275762021542,0.600000023842
10_31_14_13_12_724.jpg,0.267035365105,0.600000023842
10_31_14_13_12_761.jpg,0.25830873847,0.600000023842
10_31_14_13_12_795.jpg,0.25830873847,0.600000023842
10_31_14_13_12_829.jpg,0.249582082033,0.600000023842
10_31_14_13_12_855.jpg,0.246091425419,0.600000023842
10_31_14_13_12_890.jpg,0.218166157603,0.600000023842
10_31_14_13_12_926.jpg,0.20769418776,0.600000023842
10_31_14_13_12_957.jpg,0.20769418776,0.600000023842
10_31_14_13_12_993.jpg,0.20769418776,0.600000023842
10_31_14_13_13_024.jpg,0.185004904866,0.600000023842
10_31_14_13_13_056.jpg,0.171042263508,0.600000023842
10_31_14_13_13_090.jpg,0.181514248252,0.600000023842
10_31_14_13_13_127.jpg,0.167551606894,0.600000023842
10_31_14_13_13_158.jpg,0.167551606894,0.600000023842
10_31_14_13_13_196.jpg,0.165806278586,0.600000023842
10_31_14_13_13_225.jpg,0.150098308921,0.600000023842
10_31_14_13_13_256.jpg,0.150098308921,0.600000023842
10_31_14_13_13_292.jpg,0.148352980614,0.600000023842
10_31_14_13_13_363.jpg,0.139626339078,0.600000023842
10_31_14_13_13_398.jpg,0.125663712621,0.600000023842
10_31_14_13_13_428.jpg,0.125663712621,0.600000023842
10_31_14_13_13_465.jpg,0.120427720249,0.600000023842
10_31_14_13_13_498.jpg,0.115191727877,0.600000023842
10_31_14_13_13_528.jpg,0.109955742955,0.600000023842
10_31_14_13_13_561.jpg,0.104719758034,0.600000023842
10_31_14_13_13_596.jpg,0.104719758034,0.600000023842
10_31_14_13_13_626.jpg,0.0942477807403,0.600000023842
10_31_14_13_13_657.jpg,0.0890117883682,0.600000023842
10_31_14_13_13_690.jpg,0.0837758034468,0.600000023842
10_31_14_13_13_724.jpg,0.0733038261533,0.600000023842
10_31_14_13_13_759.jpg,0.0767944902182,0.600000023842
10_31_14_13_13_804.jpg,0.0680678412318,0.600000023842
10_31_14_13_13_862.jpg,0.0680678412318,0.600000023842
10_31_14_13_13_892.jpg,0.054105207324,0.600000023842
10_31_14_13_13_925.jpg,0.0575958639383,0.600000023842
10_31_14_13_13_965.jpg,0.0488692186773,0.600000023842
10_31_14_13_14_031.jpg,0.0488692186773,0.600000023842
10_31_14_13_14_059.jpg,0.0401425734162,0.600000023842
10_31_14_13_14_096.jpg,0.0401425734162,0.600000023842
10_31_14_13_14_130.jpg,0.0366519130766,0.600000023842
10_31_14_13_14_161.jpg,0.0331612564623,0.600000023842
10_31_14_13_14_196.jpg,0.0331612564623,0.600000023842
10_31_14_13_14_227.jpg,0.0244346093386,0.600000023842
10_31_14_13_14_262.jpg,0.0244346093386,0.600000023842
10_31_14_13_14_293.jpg,0.0174532923847,0.600000023842
10_31_14_13_14_329.jpg,0.0191986225545,0.600000023842
10_31_14_13_14_358.jpg,0.0122173046693,0.600000023842
10_31_14_13_14_394.jpg,0.0122173046693,0.600000023842
10_31_14_13_14_429.jpg,0.00872664619237,0.600000023842
10_31_14_13_14_468.jpg,0.0069813169539,0.600000023842
10_31_14_13_14_493.jpg,0.00523598771542,0.600000023842
10_31_14_13_14_527.jpg,0.00349065847695,0.600000023842
10_31_14_13_14_563.jpg,0.0069813169539,0.600000023842
10_31_14_13_14_598.jpg,0.00174532923847,0.600000023842
10_31_14_13_14_635.jpg,0.00174532923847,0.600000023842
10_31_14_13_14_693.jpg,0.00523598771542,0.600000023842
10_31_14_13_14_732.jpg,0.00523598771542,0.600000023842
10_31_14_13_14_763.jpg,0.00523598771542,0.600000023842
10_31_14_13_14_792.jpg,0.00523598771542,0.600000023842
10_31_14_13_14_865.jpg,0.00523598771542,0.600000023842
10_31_14_13_14_893.jpg,0.00523598771542,0.600000023842
10_31_14_13_14_932.jpg,0.0104719754308,0.600000023842
10_31_14_13_14_962.jpg,0.0069813169539,0.600000023842

