02_22_16_13_36_220_left.jpg,0.0,0.600000023842
02_22_16_13_36_220_right.jpg,0.0,0.600000023842
02_22_16_13_36_265_left.jpg,0.0,0.600000023842
02_22_16_13_36_266_right.jpg,0.0,0.600000023842
02_22_16_13_36_357_left.jpg,0.0,0.600000023842
02_22_16_13_36_358_right.jpg,0.0,0.600000023842
02_22_16_13_36_379_left.jpg,0.0,0.600000023842
02_22_16_13_36_380_right.jpg,0.0,0.600000023842
02_22_16_13_36_413_left.jpg,0.0,0.600000023842
02_22_16_13_36_415_right.jpg,0.0,0.600000023842
02_22_16_13_36_443_left.jpg,0.0,0.600000023842
02_22_16_13_36_447_right.jpg,0.0,0.600000023842
02_22_16_13_36_493_left.jpg,0.0,0.600000023842
02_22_16_13_36_494_right.jpg,0.0,0.600000023842
02_22_16_13_36_527_right.jpg,0.0,0.600000023842
02_22_16_13_36_527_left.jpg,0.0,0.600000023842
02_22_16_13_36_564_left.jpg,0.0,0.600000023842
02_22_16_13_36_564_right.jpg,0.0,0.600000023842
02_22_16_13_36_595_left.jpg,0.0,0.600000023842
02_22_16_13_36_595_right.jpg,0.0,0.600000023842
02_22_16_13_36_631_left.jpg,0.0,0.600000023842
02_22_16_13_36_632_right.jpg,0.0,0.600000023842
02_22_16_13_36_709_left.jpg,0.0,0.600000023842
02_22_16_13_36_712_right.jpg,0.0,0.600000023842
02_22_16_13_36_742_left.jpg,0.0,0.600000023842
02_22_16_13_36_742_right.jpg,0.0,0.600000023842
02_22_16_13_36_776_left.jpg,0.0,0.600000023842
02_22_16_13_36_778_right.jpg,0.0,0.600000023842
02_22_16_13_36_810_left.jpg,0.0,0.600000023842
02_22_16_13_36_812_right.jpg,0.0,0.600000023842
02_22_16_13_36_862_left.jpg,0.0,0.600000023842
02_22_16_13_36_876_right.jpg,0.0,0.600000023842
02_22_16_13_36_888_right.jpg,0.0,0.600000023842
02_22_16_13_36_889_left.jpg,0.0,0.600000023842
02_22_16_13_36_943_left.jpg,0.0,0.600000023842
02_22_16_13_36_944_right.jpg,0.0,0.600000023842
02_22_16_13_36_975_right.jpg,0.0,0.600000023842
02_22_16_13_36_976_left.jpg,0.0,0.600000023842
02_22_16_13_37_018_left.jpg,0.0,0.600000023842
02_22_16_13_37_021_right.jpg,0.0,0.600000023842
02_22_16_13_37_084_left.jpg,0.0,0.600000023842
02_22_16_13_37_085_right.jpg,0.0,0.600000023842
02_22_16_13_37_116_left.jpg,0.0,0.600000023842
02_22_16_13_37_118_right.jpg,0.0,0.600000023842
02_22_16_13_37_147_right.jpg,0.0,0.600000023842
02_22_16_13_37_153_left.jpg,0.0,0.600000023842
02_22_16_13_37_181_left.jpg,0.0,0.600000023842
02_22_16_13_37_186_right.jpg,0.0,0.600000023842
02_22_16_13_37_218_left.jpg,0.0,0.600000023842
02_22_16_13_37_227_right.jpg,0.0,0.600000023842
02_22_16_13_37_283_right.jpg,0.0,0.600000023842
02_22_16_13_37_283_left.jpg,0.0,0.600000023842
02_22_16_13_37_314_right.jpg,0.0,0.600000023842
02_22_16_13_37_316_left.jpg,0.0,0.600000023842
02_22_16_13_37_391_right.jpg,0.0,0.600000023842
02_22_16_13_37_395_left.jpg,0.0,0.600000023842
02_22_16_13_37_424_left.jpg,0.0,0.600000023842
02_22_16_13_37_425_right.jpg,0.0,0.600000023842
02_22_16_13_37_446_left.jpg,0.0,0.600000023842
02_22_16_13_37_446_right.jpg,0.0,0.600000023842
02_22_16_13_37_518_right.jpg,0.0,0.600000023842
02_22_16_13_37_519_left.jpg,0.0,0.600000023842
02_22_16_13_37_554_left.jpg,0.0,0.600000023842
02_22_16_13_37_564_right.jpg,0.0,0.600000023842
02_22_16_13_37_594_left.jpg,0.0,0.600000023842
02_22_16_13_37_594_right.jpg,0.0,0.600000023842
02_22_16_13_37_627_right.jpg,0.0,0.600000023842
02_22_16_13_37_628_left.jpg,0.0,0.600000023842
02_22_16_13_37_660_left.jpg,0.0,0.600000023842
02_22_16_13_37_664_right.jpg,0.0,0.600000023842
02_22_16_13_37_725_left.jpg,0.0563079528511,0.600000023842
02_22_16_13_37_726_right.jpg,0.0563079528511,0.600000023842
02_22_16_13_37_757_right.jpg,0.0834540128708,0.600000023842
02_22_16_13_37_757_left.jpg,0.0834540128708,0.600000023842
02_22_16_13_37_793_left.jpg,0.0997416451573,0.600000023842
02_22_16_13_37_793_right.jpg,0.0997416451573,0.600000023842
02_22_16_13_37_833_right.jpg,0.135042011738,0.600000023842
02_22_16_13_37_833_left.jpg,0.135042011738,0.600000023842
02_22_16_13_37_861_left.jpg,0.162188068032,0.600000023842
02_22_16_13_37_862_right.jpg,0.162188068032,0.600000023842
02_22_16_13_37_935_left.jpg,0.192048728466,0.600000023842
02_22_16_13_37_941_right.jpg,0.192048728466,0.600000023842
02_22_16_13_37_959_left.jpg,0.192048728466,0.600000023842
02_22_16_13_37_960_right.jpg,0.192048728466,0.600000023842
02_22_16_13_37_992_left.jpg,0.194763347507,0.600000023842
02_22_16_13_37_994_right.jpg,0.194763347507,0.600000023842
02_22_16_13_38_028_left.jpg,0.194763347507,0.600000023842
02_22_16_13_38_030_right.jpg,0.194763347507,0.600000023842
02_22_16_13_38_143_right.jpg,0.194763347507,0.600000023842
02_22_16_13_38_144_left.jpg,0.194763347507,0.600000023842
02_22_16_13_38_183_left.jpg,0.194763347507,0.600000023842
02_22_16_13_38_186_right.jpg,0.194763347507,0.600000023842
02_22_16_13_38_214_left.jpg,0.194763347507,0.600000023842
02_22_16_13_38_217_right.jpg,0.194763347507,0.600000023842
02_22_16_13_38_263_left.jpg,0.194763347507,0.600000023842
02_22_16_13_38_263_right.jpg,0.194763347507,0.600000023842
02_22_16_13_38_296_right.jpg,0.194763347507,0.600000023842
02_22_16_13_38_299_left.jpg,0.194763347507,0.600000023842
02_22_16_13_38_331_left.jpg,0.194763347507,0.600000023842
02_22_16_13_38_334_right.jpg,0.194763347507,0.600000023842
02_22_16_13_38_365_right.jpg,0.194763347507,0.600000023842
02_22_16_13_38_365_left.jpg,0.194763347507,0.600000023842
02_22_16_13_38_397_left.jpg,0.194763347507,0.600000023842
02_22_16_13_38_398_right.jpg,0.194763347507,0.600000023842
02_22_16_13_38_460_left.jpg,0.178475692868,0.600000023842
02_22_16_13_38_463_right.jpg,0.178475692868,0.600000023842
02_22_16_13_38_499_left.jpg,0.178475692868,0.600000023842
02_22_16_13_38_500_right.jpg,0.178475692868,0.600000023842
02_22_16_13_38_553_left.jpg,0.170331895351,0.600000023842
02_22_16_13_38_556_right.jpg,0.170331895351,0.600000023842
02_22_16_13_38_580_left.jpg,0.156758859754,0.600000023842
02_22_16_13_38_584_right.jpg,0.156758859754,0.600000023842
02_22_16_13_38_657_right.jpg,0.0861686170101,0.600000023842
02_22_16_13_38_656_left.jpg,0.0861686170101,0.600000023842
02_22_16_13_38_682_left.jpg,0.0535933412611,0.600000023842
02_22_16_13_38_682_right.jpg,0.0535933412611,0.600000023842
02_22_16_13_38_716_left.jpg,0.0264472849667,0.600000023842
02_22_16_13_38_716_right.jpg,0.0264472849667,0.600000023842
02_22_16_13_38_750_left.jpg,0.0183034669608,0.600000023842
02_22_16_13_38_756_right.jpg,0.0183034669608,0.600000023842
02_22_16_13_38_790_left.jpg,0.0183034669608,0.600000023842
02_22_16_13_38_796_right.jpg,0.0183034669608,0.600000023842
02_22_16_13_38_855_left.jpg,0.0454495288432,0.600000023842
02_22_16_13_38_864_right.jpg,0.0617371611297,0.600000023842
02_22_16_13_38_900_right.jpg,0.0834540128708,0.600000023842
02_22_16_13_38_900_left.jpg,0.0834540128708,0.600000023842
02_22_16_13_38_925_right.jpg,0.0861686170101,0.600000023842
02_22_16_13_38_926_left.jpg,0.0861686170101,0.600000023842
02_22_16_13_38_954_left.jpg,0.097027041018,0.600000023842
02_22_16_13_38_954_right.jpg,0.097027041018,0.600000023842
02_22_16_13_38_990_left.jpg,0.107885465026,0.600000023842
02_22_16_13_38_991_right.jpg,0.113325156271,0.600000023842
02_22_16_13_39_031_left.jpg,0.113325156271,0.600000023842
02_22_16_13_39_032_right.jpg,0.113325156271,0.600000023842
02_22_16_13_39_059_right.jpg,0.12146897614,0.600000023842
02_22_16_13_39_060_left.jpg,0.12146897614,0.600000023842
02_22_16_13_39_092_left.jpg,0.129612803459,0.600000023842
02_22_16_13_39_092_right.jpg,0.129612803459,0.600000023842
02_22_16_13_39_120_left.jpg,0.135042011738,0.600000023842
02_22_16_13_39_122_right.jpg,0.135042011738,0.600000023842
02_22_16_13_39_155_right.jpg,0.143185824156,0.600000023842
02_22_16_13_39_158_left.jpg,0.148615032434,0.600000023842
02_22_16_13_39_218_left.jpg,0.156758859754,0.600000023842
02_22_16_13_39_219_right.jpg,0.156758859754,0.600000023842
02_22_16_13_39_249_right.jpg,0.162188068032,0.600000023842
02_22_16_13_39_249_left.jpg,0.162188068032,0.600000023842
02_22_16_13_39_293_left.jpg,0.164902672172,0.600000023842
02_22_16_13_39_298_right.jpg,0.164902672172,0.600000023842
02_22_16_13_39_325_left.jpg,0.170331895351,0.600000023842
02_22_16_13_39_327_right.jpg,0.170331895351,0.600000023842
02_22_16_13_39_397_right.jpg,0.183904916048,0.600000023842
02_22_16_13_39_397_left.jpg,0.183904916048,0.600000023842
02_22_16_13_39_432_left.jpg,0.183904916048,0.600000023842
02_22_16_13_39_438_right.jpg,0.183904916048,0.600000023842
02_22_16_13_39_469_right.jpg,0.183904916048,0.600000023842
02_22_16_13_39_471_left.jpg,0.183904916048,0.600000023842
02_22_16_13_39_504_left.jpg,0.183904916048,0.600000023842
02_22_16_13_39_505_right.jpg,0.183904916048,0.600000023842
02_22_16_13_39_529_left.jpg,0.186619520187,0.600000023842
02_22_16_13_39_534_right.jpg,0.186619520187,0.600000023842
02_22_16_13_39_603_left.jpg,0.202907145023,0.600000023842
02_22_16_13_39_603_right.jpg,0.202907145023,0.600000023842
02_22_16_13_39_636_left.jpg,0.213765591383,0.600000023842
02_22_16_13_39_639_right.jpg,0.213765591383,0.600000023842
02_22_16_13_39_668_right.jpg,0.213765591383,0.600000023842
02_22_16_13_39_671_left.jpg,0.216480180621,0.600000023842
02_22_16_13_39_702_left.jpg,0.2219093889,0.600000023842
02_22_16_13_39_702_right.jpg,0.2219093889,0.600000023842
02_22_16_13_39_731_left.jpg,0.22462400794,0.600000023842
02_22_16_13_39_744_right.jpg,0.230063691735,0.600000023842
02_22_16_13_39_800_left.jpg,0.243636727333,0.600000023842
02_22_16_13_39_800_right.jpg,0.243636727333,0.600000023842
02_22_16_13_39_830_right.jpg,0.243636727333,0.600000023842
02_22_16_13_39_830_left.jpg,0.243636727333,0.600000023842
02_22_16_13_39_862_right.jpg,0.243636727333,0.600000023842
02_22_16_13_39_864_left.jpg,0.243636727333,0.600000023842
02_22_16_13_39_896_left.jpg,0.243636727333,0.600000023842
02_22_16_13_39_896_right.jpg,0.243636727333,0.600000023842
02_22_16_13_39_929_left.jpg,0.243636727333,0.600000023842
02_22_16_13_39_930_right.jpg,0.243636727333,0.600000023842
02_22_16_13_40_011_right.jpg,0.246351346374,0.600000023842
02_22_16_13_40_011_left.jpg,0.246351346374,0.600000023842
02_22_16_13_40_043_right.jpg,0.246351346374,0.600000023842
02_22_16_13_40_043_left.jpg,0.246351346374,0.600000023842
02_22_16_13_40_078_left.jpg,0.246351346374,0.600000023842
02_22_16_13_40_079_right.jpg,0.246351346374,0.600000023842
02_22_16_13_40_112_left.jpg,0.246351346374,0.600000023842
02_22_16_13_40_116_right.jpg,0.246351346374,0.600000023842
02_22_16_13_40_164_left.jpg,0.246351346374,0.600000023842
02_22_16_13_40_164_right.jpg,0.246351346374,0.600000023842
02_22_16_13_40_199_right.jpg,0.246351346374,0.600000023842
02_22_16_13_40_200_left.jpg,0.246351346374,0.600000023842
02_22_16_13_40_230_left.jpg,0.246351346374,0.600000023842
02_22_16_13_40_232_right.jpg,0.246351346374,0.600000023842
02_22_16_13_40_264_left.jpg,0.246351346374,0.600000023842
02_22_16_13_40_267_right.jpg,0.246351346374,0.600000023842
02_22_16_13_40_302_left.jpg,0.246351346374,0.600000023842
02_22_16_13_40_303_right.jpg,0.246351346374,0.600000023842
02_22_16_13_40_355_left.jpg,0.246351346374,0.600000023842
02_22_16_13_40_355_right.jpg,0.246351346374,0.600000023842
02_22_16_13_40_410_left.jpg,0.246351346374,0.600000023842
02_22_16_13_40_411_right.jpg,0.246351346374,0.600000023842
02_22_16_13_40_444_right.jpg,0.22462400794,0.600000023842
02_22_16_13_40_444_left.jpg,0.22462400794,0.600000023842
02_22_16_13_40_482_left.jpg,0.208336383104,0.600000023842
02_22_16_13_40_484_right.jpg,0.208336383104,0.600000023842
02_22_16_13_40_538_right.jpg,0.129612803459,0.600000023842
02_22_16_13_40_541_left.jpg,0.129612803459,0.600000023842
02_22_16_13_40_553_left.jpg,0.118754372001,0.600000023842
02_22_16_13_40_557_right.jpg,0.118754372001,0.600000023842
02_22_16_13_40_614_right.jpg,0.0915978252888,0.600000023842
02_22_16_13_40_619_left.jpg,0.0915978252888,0.600000023842
02_22_16_13_40_648_left.jpg,0.0780247971416,0.600000023842
02_22_16_13_40_649_right.jpg,0.0780247971416,0.600000023842
02_22_16_13_40_719_left.jpg,0.0780247971416,0.600000023842
02_22_16_13_40_720_right.jpg,0.0780247971416,0.600000023842
02_22_16_13_40_751_right.jpg,0.0780247971416,0.600000023842
02_22_16_13_40_752_left.jpg,0.0780247971416,0.600000023842
02_22_16_13_40_782_left.jpg,0.0644517689943,0.600000023842
02_22_16_13_40_786_right.jpg,0.0644517689943,0.600000023842
02_22_16_13_40_817_right.jpg,0.0644517689943,0.600000023842
02_22_16_13_40_818_left.jpg,0.0644517689943,0.600000023842
02_22_16_13_40_848_left.jpg,0.0644517689943,0.600000023842
02_22_16_13_40_849_right.jpg,0.0644517689943,0.600000023842
02_22_16_13_40_897_left.jpg,0.105170860887,0.600000023842
02_22_16_13_40_898_right.jpg,0.105170860887,0.600000023842
02_22_16_13_40_922_left.jpg,0.12146897614,0.600000023842
02_22_16_13_40_923_right.jpg,0.12146897614,0.600000023842
02_22_16_13_40_960_right.jpg,0.140471220016,0.600000023842
02_22_16_13_40_963_left.jpg,0.140471220016,0.600000023842
02_22_16_13_41_006_left.jpg,0.140471220016,0.600000023842
02_22_16_13_41_032_right.jpg,0.140471220016,0.600000023842
02_22_16_13_41_041_right.jpg,0.140471220016,0.600000023842
02_22_16_13_41_041_left.jpg,0.140471220016,0.600000023842
02_22_16_13_41_110_right.jpg,0.140471220016,0.600000023842
02_22_16_13_41_115_left.jpg,0.140471220016,0.600000023842
02_22_16_13_41_150_left.jpg,0.140471220016,0.600000023842
02_22_16_13_41_156_right.jpg,0.140471220016,0.600000023842
02_22_16_13_41_209_left.jpg,0.143185824156,0.600000023842
02_22_16_13_41_214_right.jpg,0.143185824156,0.600000023842
02_22_16_13_41_245_right.jpg,0.143185824156,0.600000023842
02_22_16_13_41_245_left.jpg,0.143185824156,0.600000023842
02_22_16_13_41_303_right.jpg,0.143185824156,0.600000023842
02_22_16_13_41_307_left.jpg,0.143185824156,0.600000023842
02_22_16_13_41_326_left.jpg,0.143185824156,0.600000023842
02_22_16_13_41_335_right.jpg,0.143185824156,0.600000023842
02_22_16_13_41_362_left.jpg,0.148615032434,0.600000023842
02_22_16_13_41_368_right.jpg,0.148615032434,0.600000023842
02_22_16_13_41_410_right.jpg,0.151329651475,0.600000023842
02_22_16_13_41_411_left.jpg,0.151329651475,0.600000023842
02_22_16_13_41_463_left.jpg,0.164902672172,0.600000023842
02_22_16_13_41_464_right.jpg,0.164902672172,0.600000023842
02_22_16_13_41_488_right.jpg,0.170331895351,0.600000023842
02_22_16_13_41_490_left.jpg,0.170331895351,0.600000023842
02_22_16_13_41_515_left.jpg,0.170331895351,0.600000023842
02_22_16_13_41_516_right.jpg,0.170331895351,0.600000023842
02_22_16_13_41_549_left.jpg,0.170331895351,0.600000023842
02_22_16_13_41_557_right.jpg,0.170331895351,0.600000023842
02_22_16_13_41_584_left.jpg,0.170331895351,0.600000023842
02_22_16_13_41_584_right.jpg,0.170331895351,0.600000023842
02_22_16_13_41_650_left.jpg,0.17304648459,0.600000023842
02_22_16_13_41_655_right.jpg,0.17304648459,0.600000023842
02_22_16_13_41_686_left.jpg,0.178475692868,0.600000023842
02_22_16_13_41_687_right.jpg,0.178475692868,0.600000023842
02_22_16_13_41_714_left.jpg,0.183904916048,0.600000023842
02_22_16_13_41_720_right.jpg,0.183904916048,0.600000023842
02_22_16_13_41_760_left.jpg,0.183904916048,0.600000023842
02_22_16_13_41_760_right.jpg,0.183904916048,0.600000023842
02_22_16_13_41_789_left.jpg,0.186619520187,0.600000023842
02_22_16_13_41_790_right.jpg,0.186619520187,0.600000023842
02_22_16_13_41_874_right.jpg,0.200192555785,0.600000023842
02_22_16_13_41_876_left.jpg,0.200192555785,0.600000023842
02_22_16_13_41_913_left.jpg,0.208336383104,0.600000023842
02_22_16_13_41_913_right.jpg,0.208336383104,0.600000023842
02_22_16_13_41_947_left.jpg,0.2219093889,0.600000023842
02_22_16_13_41_959_right.jpg,0.235492900014,0.600000023842
02_22_16_13_41_977_left.jpg,0.238207519054,0.600000023842
02_22_16_13_41_978_right.jpg,0.238207519054,0.600000023842
02_22_16_13_42_015_right.jpg,0.246351346374,0.600000023842
02_22_16_13_42_017_left.jpg,0.246351346374,0.600000023842
02_22_16_13_42_088_right.jpg,0.25720974803,0.600000023842
02_22_16_13_42_089_left.jpg,0.25720974803,0.600000023842
02_22_16_13_42_123_left.jpg,0.273497372866,0.600000023842
02_22_16_13_42_136_right.jpg,0.281641215086,0.600000023842
02_22_16_13_42_155_right.jpg,0.281641215086,0.600000023842
02_22_16_13_42_157_left.jpg,0.281641215086,0.600000023842
02_22_16_13_42_195_left.jpg,0.287070423365,0.600000023842
02_22_16_13_42_200_right.jpg,0.287070423365,0.600000023842
02_22_16_13_42_219_left.jpg,0.295214235783,0.600000023842
02_22_16_13_42_225_right.jpg,0.295214235783,0.600000023842
02_22_16_13_42_301_left.jpg,0.295214235783,0.600000023842
02_22_16_13_42_307_right.jpg,0.295214235783,0.600000023842
02_22_16_13_42_333_left.jpg,0.295214235783,0.600000023842
02_22_16_13_42_338_right.jpg,0.295214235783,0.600000023842
02_22_16_13_42_366_right.jpg,0.295214235783,0.600000023842
02_22_16_13_42_368_left.jpg,0.295214235783,0.600000023842
02_22_16_13_42_393_right.jpg,0.295214235783,0.600000023842
02_22_16_13_42_396_left.jpg,0.295214235783,0.600000023842
02_22_16_13_42_427_right.jpg,0.295214235783,0.600000023842
02_22_16_13_42_427_left.jpg,0.295214235783,0.600000023842
02_22_16_13_42_493_left.jpg,0.295214235783,0.600000023842
02_22_16_13_42_493_right.jpg,0.295214235783,0.600000023842
02_22_16_13_42_525_right.jpg,0.278926610947,0.600000023842
02_22_16_13_42_525_left.jpg,0.278926610947,0.600000023842
02_22_16_13_42_560_right.jpg,0.278926610947,0.600000023842
02_22_16_13_42_561_left.jpg,0.278926610947,0.600000023842
02_22_16_13_42_593_left.jpg,0.235492900014,0.600000023842
02_22_16_13_42_594_right.jpg,0.235492900014,0.600000023842
02_22_16_13_42_675_right.jpg,0.200192555785,0.600000023842
02_22_16_13_42_675_left.jpg,0.200192555785,0.600000023842
02_22_16_13_42_711_left.jpg,0.17304648459,0.600000023842
02_22_16_13_42_713_right.jpg,0.17304648459,0.600000023842
02_22_16_13_42_742_left.jpg,0.135042011738,0.600000023842
02_22_16_13_42_743_right.jpg,0.135042011738,0.600000023842
02_22_16_13_42_777_left.jpg,0.0997416451573,0.600000023842
02_22_16_13_42_779_right.jpg,0.0997416451573,0.600000023842
02_22_16_13_42_830_right.jpg,0.0834540128708,0.600000023842
02_22_16_13_42_835_left.jpg,0.0834540128708,0.600000023842
02_22_16_13_42_879_left.jpg,0.0834540128708,0.600000023842
02_22_16_13_42_880_right.jpg,0.0834540128708,0.600000023842
02_22_16_13_42_919_right.jpg,0.0834540128708,0.600000023842
02_22_16_13_42_919_left.jpg,0.0834540128708,0.600000023842
02_22_16_13_42_950_left.jpg,0.0834540128708,0.600000023842
02_22_16_13_42_954_right.jpg,0.0834540128708,0.600000023842
02_22_16_13_43_018_left.jpg,0.0834540128708,0.600000023842
02_22_16_13_43_021_right.jpg,0.0834540128708,0.600000023842
02_22_16_13_43_058_left.jpg,0.0834540128708,0.600000023842
02_22_16_13_43_059_right.jpg,0.0834540128708,0.600000023842
02_22_16_13_43_092_left.jpg,0.0834540128708,0.600000023842
02_22_16_13_43_096_right.jpg,0.0834540128708,0.600000023842
02_22_16_13_43_142_right.jpg,0.0834540128708,0.600000023842
02_22_16_13_43_144_left.jpg,0.0834540128708,0.600000023842
02_22_16_13_43_177_left.jpg,0.0834540128708,0.600000023842
02_22_16_13_43_189_right.jpg,0.0834540128708,0.600000023842
02_22_16_13_43_267_left.jpg,0.0834540128708,0.600000023842
02_22_16_13_43_269_right.jpg,0.0834540128708,0.600000023842
02_22_16_13_43_332_left.jpg,0.107885465026,0.600000023842
02_22_16_13_43_340_right.jpg,0.107885465026,0.600000023842
02_22_16_13_43_354_left.jpg,0.107885465026,0.600000023842
02_22_16_13_43_356_right.jpg,0.107885465026,0.600000023842
02_22_16_13_43_426_left.jpg,0.135042011738,0.600000023842
02_22_16_13_43_438_right.jpg,0.140471220016,0.600000023842
02_22_16_13_43_497_right.jpg,0.140471220016,0.600000023842
02_22_16_13_43_497_left.jpg,0.140471220016,0.600000023842
02_22_16_13_43_541_right.jpg,0.140471220016,0.600000023842
02_22_16_13_43_543_left.jpg,0.140471220016,0.600000023842
02_22_16_13_43_573_left.jpg,0.140471220016,0.600000023842
02_22_16_13_43_576_right.jpg,0.140471220016,0.600000023842
02_22_16_13_43_600_left.jpg,0.140471220016,0.600000023842
02_22_16_13_43_601_right.jpg,0.140471220016,0.600000023842
02_22_16_13_43_630_left.jpg,0.140471220016,0.600000023842
02_22_16_13_43_635_right.jpg,0.140471220016,0.600000023842
02_22_16_13_43_707_left.jpg,0.140471220016,0.600000023842
02_22_16_13_43_708_right.jpg,0.140471220016,0.600000023842
02_22_16_13_43_742_left.jpg,0.140471220016,0.600000023842
02_22_16_13_43_742_right.jpg,0.140471220016,0.600000023842
02_22_16_13_43_775_right.jpg,0.140471220016,0.600000023842
02_22_16_13_43_776_left.jpg,0.140471220016,0.600000023842
02_22_16_13_43_809_left.jpg,0.140471220016,0.600000023842
02_22_16_13_43_810_right.jpg,0.140471220016,0.600000023842
02_22_16_13_43_856_right.jpg,0.140471220016,0.600000023842
02_22_16_13_43_856_left.jpg,0.140471220016,0.600000023842
02_22_16_13_43_912_left.jpg,0.126898184419,0.600000023842
02_22_16_13_43_912_right.jpg,0.126898184419,0.600000023842
02_22_16_13_43_947_left.jpg,0.107885465026,0.600000023842
02_22_16_13_43_951_right.jpg,0.107885465026,0.600000023842
02_22_16_13_43_987_left.jpg,0.0997416451573,0.600000023842
02_22_16_13_43_989_right.jpg,0.0997416451573,0.600000023842
02_22_16_13_44_062_right.jpg,0.0997416451573,0.600000023842
02_22_16_13_44_064_left.jpg,0.0997416451573,0.600000023842
02_22_16_13_44_085_left.jpg,0.0997416451573,0.600000023842
02_22_16_13_44_089_right.jpg,0.0997416451573,0.600000023842
02_22_16_13_44_119_left.jpg,0.0997416451573,0.600000023842
02_22_16_13_44_119_right.jpg,0.0997416451573,0.600000023842
02_22_16_13_44_158_left.jpg,0.0997416451573,0.600000023842
02_22_16_13_44_159_right.jpg,0.0997416451573,0.600000023842
02_22_16_13_44_195_right.jpg,0.0997416451573,0.600000023842
02_22_16_13_44_195_left.jpg,0.0997416451573,0.600000023842
02_22_16_13_44_257_left.jpg,0.097027041018,0.600000023842
02_22_16_13_44_261_right.jpg,0.097027041018,0.600000023842
02_22_16_13_44_298_left.jpg,0.097027041018,0.600000023842
02_22_16_13_44_306_right.jpg,0.097027041018,0.600000023842
02_22_16_13_44_339_left.jpg,0.097027041018,0.600000023842
02_22_16_13_44_348_right.jpg,0.097027041018,0.600000023842
02_22_16_13_44_398_left.jpg,0.0861686170101,0.600000023842
02_22_16_13_44_406_right.jpg,0.0861686170101,0.600000023842
02_22_16_13_44_421_left.jpg,0.0644517689943,0.600000023842
02_22_16_13_44_428_right.jpg,0.0644517689943,0.600000023842
02_22_16_13_44_497_left.jpg,0.0183034669608,0.600000023842
02_22_16_13_44_498_right.jpg,0.0183034669608,0.600000023842
02_22_16_13_44_533_left.jpg,0.0101596489549,0.600000023842
02_22_16_13_44_533_right.jpg,0.0101596489549,0.600000023842
02_22_16_13_44_562_left.jpg,0.00201583071612,0.600000023842
02_22_16_13_44_572_right.jpg,0.00201583071612,0.600000023842
02_22_16_13_44_607_left.jpg,0.0,0.600000023842
02_22_16_13_44_607_right.jpg,0.0,0.600000023842
02_22_16_13_44_662_left.jpg,0.0,0.600000023842
02_22_16_13_44_663_right.jpg,0.0,0.600000023842
02_22_16_13_44_726_left.jpg,0.0,0.600000023842
02_22_16_13_44_726_right.jpg,0.0,0.600000023842
02_22_16_13_44_779_left.jpg,0.0,0.600000023842
02_22_16_13_44_792_right.jpg,0.0,0.600000023842
02_22_16_13_44_829_left.jpg,0.0,0.600000023842
02_22_16_13_44_837_right.jpg,0.0,0.600000023842
02_22_16_13_44_853_left.jpg,0.0,0.600000023842
02_22_16_13_44_868_right.jpg,0.0,0.600000023842
02_22_16_13_44_880_left.jpg,0.0,0.600000023842
02_22_16_13_44_881_right.jpg,0.0,0.600000023842
02_22_16_13_44_962_left.jpg,0.0,0.600000023842
02_22_16_13_44_963_right.jpg,0.0,0.600000023842
02_22_16_13_45_006_right.jpg,0.0,0.600000023842
02_22_16_13_45_006_left.jpg,0.0,0.600000023842
02_22_16_13_45_026_right.jpg,0.0,0.600000023842
02_22_16_13_45_027_left.jpg,0.0,0.600000023842
02_22_16_13_45_059_right.jpg,0.0,0.600000023842
02_22_16_13_45_070_left.jpg,0.0,0.600000023842
02_22_16_13_45_085_left.jpg,0.0,0.600000023842
02_22_16_13_45_105_right.jpg,0.0,0.600000023842
02_22_16_13_45_165_left.jpg,0.0,0.600000023842
02_22_16_13_45_168_right.jpg,0.0,0.600000023842
02_22_16_13_45_193_left.jpg,0.0,0.600000023842
02_22_16_13_45_195_right.jpg,0.0,0.600000023842
02_22_16_13_45_229_left.jpg,0.0,0.600000023842
02_22_16_13_45_229_right.jpg,0.0,0.600000023842
02_22_16_13_45_277_left.jpg,0.0,0.600000023842
02_22_16_13_45_278_right.jpg,0.0,0.600000023842
02_22_16_13_45_302_left.jpg,0.00473043695092,0.600000023842
02_22_16_13_45_308_right.jpg,0.0183034669608,0.600000023842
02_22_16_13_45_393_left.jpg,0.0400203131139,0.600000023842
02_22_16_13_45_398_right.jpg,0.0400203131139,0.600000023842
02_22_16_13_45_422_left.jpg,0.0454495288432,0.600000023842
02_22_16_13_45_428_right.jpg,0.0454495288432,0.600000023842
02_22_16_13_45_458_right.jpg,0.0563079528511,0.600000023842
02_22_16_13_45_460_left.jpg,0.0563079528511,0.600000023842
02_22_16_13_45_493_left.jpg,0.0698809847236,0.600000023842
02_22_16_13_45_497_right.jpg,0.0753101930022,0.600000023842
02_22_16_13_45_539_right.jpg,0.0834540128708,0.600000023842
02_22_16_13_45_543_left.jpg,0.0861686170101,0.600000023842
02_22_16_13_45_645_left.jpg,0.140471220016,0.600000023842
02_22_16_13_45_645_right.jpg,0.140471220016,0.600000023842
02_22_16_13_45_692_left.jpg,0.170331895351,0.600000023842
02_22_16_13_45_696_right.jpg,0.170331895351,0.600000023842
02_22_16_13_45_730_right.jpg,0.192048728466,0.600000023842
02_22_16_13_45_731_left.jpg,0.192048728466,0.600000023842
02_22_16_13_45_755_left.jpg,0.202907145023,0.600000023842
02_22_16_13_45_759_right.jpg,0.202907145023,0.600000023842
02_22_16_13_45_814_left.jpg,0.213765591383,0.600000023842
02_22_16_13_45_823_right.jpg,0.213765591383,0.600000023842
02_22_16_13_45_851_left.jpg,0.216480180621,0.600000023842
02_22_16_13_45_855_right.jpg,0.216480180621,0.600000023842
02_22_16_13_45_885_left.jpg,0.2219093889,0.600000023842
02_22_16_13_45_890_right.jpg,0.2219093889,0.600000023842
02_22_16_13_45_929_right.jpg,0.230063691735,0.600000023842
02_22_16_13_45_930_left.jpg,0.230063691735,0.600000023842
02_22_16_13_45_953_left.jpg,0.235492900014,0.600000023842
02_22_16_13_45_953_right.jpg,0.235492900014,0.600000023842
02_22_16_13_46_049_left.jpg,0.246351346374,0.600000023842
02_22_16_13_46_058_right.jpg,0.246351346374,0.600000023842
02_22_16_13_46_085_left.jpg,0.251780539751,0.600000023842
02_22_16_13_46_090_right.jpg,0.251780539751,0.600000023842
02_22_16_13_46_126_left.jpg,0.259924352169,0.600000023842
02_22_16_13_46_134_right.jpg,0.259924352169,0.600000023842
02_22_16_13_46_152_left.jpg,0.259924352169,0.600000023842
02_22_16_13_46_160_right.jpg,0.26535359025,0.600000023842
02_22_16_13_46_223_right.jpg,0.268068164587,0.600000023842
02_22_16_13_46_226_left.jpg,0.268068164587,0.600000023842
02_22_16_13_46_254_left.jpg,0.273497372866,0.600000023842
02_22_16_13_46_258_right.jpg,0.273497372866,0.600000023842
02_22_16_13_46_292_left.jpg,0.273497372866,0.600000023842
02_22_16_13_46_295_right.jpg,0.273497372866,0.600000023842
02_22_16_13_46_326_right.jpg,0.273497372866,0.600000023842
02_22_16_13_46_327_left.jpg,0.273497372866,0.600000023842
02_22_16_13_46_356_left.jpg,0.273497372866,0.600000023842
02_22_16_13_46_356_right.jpg,0.273497372866,0.600000023842
02_22_16_13_46_422_left.jpg,0.273497372866,0.600000023842
02_22_16_13_46_422_right.jpg,0.273497372866,0.600000023842
02_22_16_13_46_453_left.jpg,0.273497372866,0.600000023842
02_22_16_13_46_453_right.jpg,0.273497372866,0.600000023842
02_22_16_13_46_486_right.jpg,0.273497372866,0.600000023842
02_22_16_13_46_488_left.jpg,0.273497372866,0.600000023842
02_22_16_13_46_522_left.jpg,0.273497372866,0.600000023842
02_22_16_13_46_525_right.jpg,0.273497372866,0.600000023842
02_22_16_13_46_587_left.jpg,0.25720974803,0.600000023842
02_22_16_13_46_586_right.jpg,0.25720974803,0.600000023842
02_22_16_13_46_623_left.jpg,0.25720974803,0.600000023842
02_22_16_13_46_624_right.jpg,0.25720974803,0.600000023842
02_22_16_13_46_660_left.jpg,0.25720974803,0.600000023842
02_22_16_13_46_660_right.jpg,0.25720974803,0.600000023842
02_22_16_13_46_687_left.jpg,0.25720974803,0.600000023842
02_22_16_13_46_687_right.jpg,0.25720974803,0.600000023842
02_22_16_13_46_760_left.jpg,0.170331895351,0.600000023842
02_22_16_13_46_760_right.jpg,0.170331895351,0.600000023842
02_22_16_13_46_808_left.jpg,0.0915978252888,0.600000023842
02_22_16_13_46_808_right.jpg,0.0915978252888,0.600000023842
02_22_16_13_46_844_left.jpg,0.0400203131139,0.600000023842
02_22_16_13_46_844_right.jpg,0.0400203131139,0.600000023842
02_22_16_13_46_888_left.jpg,0.0,0.600000023842
02_22_16_13_46_893_right.jpg,0.0,0.600000023842
02_22_16_13_46_949_left.jpg,0.0,0.600000023842
02_22_16_13_46_949_right.jpg,0.0,0.600000023842
02_22_16_13_46_980_left.jpg,0.0,0.600000023842
02_22_16_13_46_981_right.jpg,0.0,0.600000023842
02_22_16_13_47_019_left.jpg,-0.0318555347621,0.600000023842
02_22_16_13_47_020_right.jpg,-0.0318555347621,0.600000023842
02_22_16_13_47_051_left.jpg,-0.04271395877,0.600000023842
02_22_16_13_47_051_right.jpg,-0.04271395877,0.600000023842
02_22_16_13_47_083_right.jpg,-0.0590015910566,0.600000023842
02_22_16_13_47_084_left.jpg,-0.0590015910566,0.600000023842
02_22_16_13_47_130_left.jpg,-0.0970060825348,0.600000023842
02_22_16_13_47_130_right.jpg,-0.0997206866741,0.600000023842
02_22_16_13_47_161_left.jpg,-0.107864499092,0.600000023842
02_22_16_13_47_162_right.jpg,-0.107864499092,0.600000023842
02_22_16_13_47_211_right.jpg,-0.116018801928,0.600000023842
02_22_16_13_47_212_left.jpg,-0.116018801928,0.600000023842
02_22_16_13_47_248_left.jpg,-0.116018801928,0.600000023842
02_22_16_13_47_249_right.jpg,-0.116018801928,0.600000023842
02_22_16_13_47_296_right.jpg,-0.15402328968,0.600000023842
02_22_16_13_47_296_left.jpg,-0.15402328968,0.600000023842
02_22_16_13_47_315_left.jpg,-0.159452497959,0.600000023842
02_22_16_13_47_315_right.jpg,-0.159452497959,0.600000023842
02_22_16_13_47_348_left.jpg,-0.159452497959,0.600000023842
02_22_16_13_47_348_right.jpg,-0.159452497959,0.600000023842
02_22_16_13_47_408_left.jpg,-0.162167102098,0.600000023842
02_22_16_13_47_411_right.jpg,-0.162167102098,0.600000023842
02_22_16_13_47_467_left.jpg,-0.167596325278,0.600000023842
02_22_16_13_47_472_right.jpg,-0.167596325278,0.600000023842
02_22_16_13_47_506_left.jpg,-0.170310914516,0.600000023842
02_22_16_13_47_527_right.jpg,-0.181169360876,0.600000023842
02_22_16_13_47_532_left.jpg,-0.181169360876,0.600000023842
02_22_16_13_47_536_right.jpg,-0.181169360876,0.600000023842
02_22_16_13_47_569_right.jpg,-0.189313158393,0.600000023842
02_22_16_13_47_570_left.jpg,-0.189313158393,0.600000023842
02_22_16_13_47_596_left.jpg,-0.192027777433,0.600000023842
02_22_16_13_47_596_right.jpg,-0.192027777433,0.600000023842
02_22_16_13_47_651_left.jpg,-0.205600813031,0.600000023842
02_22_16_13_47_653_right.jpg,-0.205600813031,0.600000023842
02_22_16_13_47_687_right.jpg,-0.205600813031,0.600000023842
02_22_16_13_47_685_left.jpg,-0.205600813031,0.600000023842
02_22_16_13_47_723_right.jpg,-0.208315402269,0.600000023842
02_22_16_13_47_724_left.jpg,-0.208315402269,0.600000023842
02_22_16_13_47_755_right.jpg,-0.208315402269,0.600000023842
02_22_16_13_47_755_left.jpg,-0.208315402269,0.600000023842
02_22_16_13_47_784_left.jpg,-0.208315402269,0.600000023842
02_22_16_13_47_794_right.jpg,-0.208315402269,0.600000023842
02_22_16_13_47_858_left.jpg,-0.213744610548,0.600000023842
02_22_16_13_47_865_right.jpg,-0.213744610548,0.600000023842
02_22_16_13_47_893_right.jpg,-0.213744610548,0.600000023842
02_22_16_13_47_895_left.jpg,-0.213744610548,0.600000023842
02_22_16_13_47_924_left.jpg,-0.213744610548,0.600000023842
02_22_16_13_47_925_right.jpg,-0.213744610548,0.600000023842
02_22_16_13_47_959_left.jpg,-0.213744610548,0.600000023842
02_22_16_13_47_959_right.jpg,-0.213744610548,0.600000023842
02_22_16_13_47_987_left.jpg,-0.213744610548,0.600000023842
02_22_16_13_47_987_right.jpg,-0.213744610548,0.600000023842
02_22_16_13_48_076_left.jpg,-0.105149894953,0.600000023842
02_22_16_13_48_076_right.jpg,-0.105149894953,0.600000023842
02_22_16_13_48_123_left.jpg,-0.0590015910566,0.600000023842
02_22_16_13_48_124_right.jpg,-0.0590015910566,0.600000023842
02_22_16_13_48_164_left.jpg,0.0,0.600000023842
02_22_16_13_48_169_right.jpg,0.0,0.600000023842
02_22_16_13_48_202_right.jpg,0.0,0.600000023842
02_22_16_13_48_204_left.jpg,0.0,0.600000023842
02_22_16_13_48_256_left.jpg,0.0,0.600000023842
02_22_16_13_48_257_right.jpg,0.0,0.600000023842
02_22_16_13_48_287_right.jpg,0.0,0.600000023842
02_22_16_13_48_289_left.jpg,0.0,0.600000023842
02_22_16_13_48_317_left.jpg,0.0,0.600000023842
02_22_16_13_48_319_right.jpg,0.0,0.600000023842
02_22_16_13_48_355_left.jpg,0.0101596489549,0.600000023842
02_22_16_13_48_355_right.jpg,0.0101596489549,0.600000023842
02_22_16_13_48_386_left.jpg,0.0318764969707,0.600000023842
02_22_16_13_48_388_right.jpg,0.0454495288432,0.600000023842
02_22_16_13_48_453_left.jpg,0.0861686170101,0.600000023842
02_22_16_13_48_453_right.jpg,0.0861686170101,0.600000023842
02_22_16_13_48_483_right.jpg,0.0997416451573,0.600000023842
02_22_16_13_48_484_left.jpg,0.0997416451573,0.600000023842
02_22_16_13_48_522_left.jpg,0.113325156271,0.600000023842
02_22_16_13_48_523_right.jpg,0.113325156271,0.600000023842
02_22_16_13_48_556_left.jpg,0.118754372001,0.600000023842
02_22_16_13_48_557_right.jpg,0.118754372001,0.600000023842
02_22_16_13_48_646_left.jpg,0.143185824156,0.600000023842
02_22_16_13_48_646_right.jpg,0.143185824156,0.600000023842
02_22_16_13_48_675_left.jpg,0.148615032434,0.600000023842
02_22_16_13_48_676_right.jpg,0.148615032434,0.600000023842
02_22_16_13_48_712_left.jpg,0.151329651475,0.600000023842
02_22_16_13_48_714_right.jpg,0.151329651475,0.600000023842
02_22_16_13_48_745_right.jpg,0.156758859754,0.600000023842
02_22_16_13_48_746_left.jpg,0.156758859754,0.600000023842
02_22_16_13_48_812_left.jpg,0.170331895351,0.600000023842
02_22_16_13_48_819_right.jpg,0.170331895351,0.600000023842
02_22_16_13_48_852_left.jpg,0.183904916048,0.600000023842
02_22_16_13_48_852_right.jpg,0.183904916048,0.600000023842
02_22_16_13_48_882_right.jpg,0.186619520187,0.600000023842
02_22_16_13_48_886_left.jpg,0.186619520187,0.600000023842
02_22_16_13_48_928_right.jpg,0.202907145023,0.600000023842
02_22_16_13_48_928_left.jpg,0.202907145023,0.600000023842
02_22_16_13_48_949_right.jpg,0.208336383104,0.600000023842
02_22_16_13_48_950_left.jpg,0.208336383104,0.600000023842
02_22_16_13_49_014_right.jpg,0.216480180621,0.600000023842
02_22_16_13_49_014_left.jpg,0.216480180621,0.600000023842
02_22_16_13_49_047_left.jpg,0.216480180621,0.600000023842
02_22_16_13_49_049_right.jpg,0.216480180621,0.600000023842
02_22_16_13_49_083_left.jpg,0.2219093889,0.600000023842
02_22_16_13_49_085_right.jpg,0.2219093889,0.600000023842
02_22_16_13_49_114_left.jpg,0.2219093889,0.600000023842
02_22_16_13_49_118_right.jpg,0.22462400794,0.600000023842
02_22_16_13_49_149_left.jpg,0.235492900014,0.600000023842
02_22_16_13_49_149_right.jpg,0.235492900014,0.600000023842
02_22_16_13_49_215_left.jpg,0.238207519054,0.600000023842
02_22_16_13_49_220_right.jpg,0.238207519054,0.600000023842
02_22_16_13_49_248_left.jpg,0.238207519054,0.600000023842
02_22_16_13_49_248_right.jpg,0.238207519054,0.600000023842
02_22_16_13_49_281_left.jpg,0.243636727333,0.600000023842
02_22_16_13_49_286_right.jpg,0.243636727333,0.600000023842
02_22_16_13_49_314_right.jpg,0.243636727333,0.600000023842
02_22_16_13_49_314_left.jpg,0.243636727333,0.600000023842
02_22_16_13_49_377_left.jpg,0.251780539751,0.600000023842
02_22_16_13_49_378_right.jpg,0.251780539751,0.600000023842
02_22_16_13_49_391_right.jpg,0.251780539751,0.600000023842
02_22_16_13_49_393_left.jpg,0.251780539751,0.600000023842
02_22_16_13_49_448_right.jpg,0.251780539751,0.600000023842
02_22_16_13_49_450_left.jpg,0.251780539751,0.600000023842
02_22_16_13_49_509_left.jpg,0.25720974803,0.600000023842
02_22_16_13_49_510_right.jpg,0.25720974803,0.600000023842
02_22_16_13_49_549_right.jpg,0.259924352169,0.600000023842
02_22_16_13_49_550_left.jpg,0.259924352169,0.600000023842
02_22_16_13_49_592_right.jpg,0.259924352169,0.600000023842
02_22_16_13_49_593_left.jpg,0.259924352169,0.600000023842
02_22_16_13_49_623_right.jpg,0.259924352169,0.600000023842
02_22_16_13_49_624_left.jpg,0.259924352169,0.600000023842
02_22_16_13_49_660_left.jpg,0.259924352169,0.600000023842
02_22_16_13_49_661_right.jpg,0.259924352169,0.600000023842
02_22_16_13_49_693_left.jpg,0.259924352169,0.600000023842
02_22_16_13_49_694_right.jpg,0.259924352169,0.600000023842
02_22_16_13_49_725_left.jpg,0.259924352169,0.600000023842
02_22_16_13_49_729_right.jpg,0.259924352169,0.600000023842
02_22_16_13_49_789_left.jpg,0.259924352169,0.600000023842
02_22_16_13_49_790_right.jpg,0.259924352169,0.600000023842
02_22_16_13_49_823_left.jpg,0.259924352169,0.600000023842
02_22_16_13_49_824_right.jpg,0.259924352169,0.600000023842
02_22_16_13_49_863_right.jpg,0.259924352169,0.600000023842
02_22_16_13_49_863_left.jpg,0.259924352169,0.600000023842
02_22_16_13_49_893_right.jpg,0.259924352169,0.600000023842
02_22_16_13_49_896_left.jpg,0.259924352169,0.600000023842
02_22_16_13_49_957_left.jpg,0.295214235783,0.600000023842
02_22_16_13_49_959_right.jpg,0.295214235783,0.600000023842
02_22_16_13_49_989_left.jpg,0.300643444061,0.600000023842
02_22_16_13_49_990_right.jpg,0.300643444061,0.600000023842
02_22_16_13_50_024_right.jpg,0.303358048201,0.600000023842
02_22_16_13_50_024_left.jpg,0.303358048201,0.600000023842
02_22_16_13_50_058_right.jpg,0.303358048201,0.600000023842
02_22_16_13_50_058_left.jpg,0.303358048201,0.600000023842
02_22_16_13_50_124_left.jpg,0.311501860619,0.600000023842
02_22_16_13_50_124_right.jpg,0.311501860619,0.600000023842
02_22_16_13_50_156_left.jpg,0.338647931814,0.600000023842
02_22_16_13_50_157_right.jpg,0.338647931814,0.600000023842
02_22_16_13_50_212_right.jpg,0.340000003576,0.600000023842
02_22_16_13_50_212_left.jpg,0.340000003576,0.600000023842
02_22_16_13_50_244_right.jpg,0.340000003576,0.600000023842
02_22_16_13_50_244_left.jpg,0.340000003576,0.600000023842
02_22_16_13_50_295_right.jpg,0.340000003576,0.600000023842
02_22_16_13_50_298_left.jpg,0.340000003576,0.600000023842
02_22_16_13_50_343_left.jpg,0.340000003576,0.600000023842
02_22_16_13_50_343_right.jpg,0.340000003576,0.600000023842
02_22_16_13_50_374_left.jpg,0.340000003576,0.600000023842
02_22_16_13_50_381_right.jpg,0.340000003576,0.600000023842
02_22_16_13_50_413_left.jpg,0.340000003576,0.600000023842
02_22_16_13_50_418_right.jpg,0.340000003576,0.600000023842
02_22_16_13_50_481_right.jpg,0.340000003576,0.600000023842
02_22_16_13_50_482_left.jpg,0.340000003576,0.600000023842
02_22_16_13_50_515_left.jpg,0.340000003576,0.600000023842
02_22_16_13_50_516_right.jpg,0.340000003576,0.600000023842
02_22_16_13_50_550_left.jpg,0.340000003576,0.600000023842
02_22_16_13_50_556_right.jpg,0.340000003576,0.600000023842
02_22_16_13_50_582_left.jpg,0.340000003576,0.600000023842
02_22_16_13_50_583_right.jpg,0.340000003576,0.600000023842
02_22_16_13_50_626_left.jpg,0.340000003576,0.600000023842
02_22_16_13_50_629_right.jpg,0.340000003576,0.600000023842
02_22_16_13_50_686_left.jpg,0.340000003576,0.600000023842
02_22_16_13_50_686_right.jpg,0.340000003576,0.600000023842
02_22_16_13_50_716_right.jpg,0.340000003576,0.600000023842
02_22_16_13_50_718_left.jpg,0.340000003576,0.600000023842
02_22_16_13_50_753_left.jpg,0.340000003576,0.600000023842
02_22_16_13_50_753_right.jpg,0.340000003576,0.600000023842
02_22_16_13_50_785_left.jpg,0.340000003576,0.600000023842
02_22_16_13_50_785_right.jpg,0.340000003576,0.600000023842
02_22_16_13_50_821_right.jpg,0.340000003576,0.600000023842
02_22_16_13_50_821_left.jpg,0.340000003576,0.600000023842
02_22_16_13_50_909_right.jpg,0.340000003576,0.600000023842
02_22_16_13_50_908_left.jpg,0.340000003576,0.600000023842
02_22_16_13_50_941_left.jpg,0.340000003576,0.600000023842
02_22_16_13_50_941_right.jpg,0.340000003576,0.600000023842
02_22_16_13_50_977_left.jpg,0.340000003576,0.600000023842
02_22_16_13_50_977_right.jpg,0.340000003576,0.600000023842
02_22_16_13_51_027_left.jpg,0.340000003576,0.600000023842
02_22_16_13_51_027_right.jpg,0.340000003576,0.600000023842
02_22_16_13_51_090_left.jpg,0.340000003576,0.600000023842
02_22_16_13_51_097_right.jpg,0.340000003576,0.600000023842
02_22_16_13_51_116_left.jpg,0.340000003576,0.600000023842
02_22_16_13_51_124_right.jpg,0.340000003576,0.600000023842
02_22_16_13_51_149_right.jpg,0.340000003576,0.600000023842
02_22_16_13_51_150_left.jpg,0.340000003576,0.600000023842
02_22_16_13_51_185_left.jpg,0.340000003576,0.600000023842
02_22_16_13_51_193_right.jpg,0.340000003576,0.600000023842
02_22_16_13_51_226_left.jpg,0.340000003576,0.600000023842
02_22_16_13_51_228_right.jpg,0.340000003576,0.600000023842
02_22_16_13_51_286_right.jpg,0.340000003576,0.600000023842
02_22_16_13_51_289_left.jpg,0.340000003576,0.600000023842
02_22_16_13_51_316_left.jpg,0.340000003576,0.600000023842
02_22_16_13_51_321_right.jpg,0.340000003576,0.600000023842
02_22_16_13_51_350_left.jpg,0.340000003576,0.600000023842
02_22_16_13_51_352_right.jpg,0.340000003576,0.600000023842
02_22_16_13_51_384_right.jpg,0.340000003576,0.600000023842
02_22_16_13_51_384_left.jpg,0.340000003576,0.600000023842
02_22_16_13_51_418_left.jpg,0.340000003576,0.600000023842
02_22_16_13_51_423_right.jpg,0.340000003576,0.600000023842
02_22_16_13_51_487_left.jpg,0.340000003576,0.600000023842
02_22_16_13_51_489_right.jpg,0.340000003576,0.600000023842
02_22_16_13_51_517_right.jpg,0.340000003576,0.600000023842
02_22_16_13_51_524_left.jpg,0.340000003576,0.600000023842
02_22_16_13_51_547_right.jpg,0.340000003576,0.600000023842
02_22_16_13_51_548_left.jpg,0.340000003576,0.600000023842
02_22_16_13_51_582_left.jpg,0.340000003576,0.600000023842
02_22_16_13_51_584_right.jpg,0.340000003576,0.600000023842
02_22_16_13_51_626_right.jpg,0.340000003576,0.600000023842
02_22_16_13_51_627_left.jpg,0.340000003576,0.600000023842
02_22_16_13_51_648_left.jpg,0.340000003576,0.600000023842
02_22_16_13_51_648_right.jpg,0.340000003576,0.600000023842
02_22_16_13_51_680_left.jpg,0.340000003576,0.600000023842
02_22_16_13_51_680_right.jpg,0.340000003576,0.600000023842
02_22_16_13_51_718_left.jpg,0.340000003576,0.600000023842
02_22_16_13_51_724_right.jpg,0.340000003576,0.600000023842
02_22_16_13_51_756_left.jpg,0.340000003576,0.600000023842
02_22_16_13_51_756_right.jpg,0.340000003576,0.600000023842
02_22_16_13_51_814_right.jpg,0.340000003576,0.600000023842
02_22_16_13_51_815_left.jpg,0.340000003576,0.600000023842
02_22_16_13_51_872_left.jpg,0.340000003576,0.600000023842
02_22_16_13_51_875_right.jpg,0.340000003576,0.600000023842
02_22_16_13_51_887_left.jpg,0.340000003576,0.600000023842
02_22_16_13_51_888_right.jpg,0.340000003576,0.600000023842
02_22_16_13_51_919_right.jpg,0.340000003576,0.600000023842
02_22_16_13_51_920_left.jpg,0.340000003576,0.600000023842
02_22_16_13_51_958_left.jpg,0.340000003576,0.600000023842
02_22_16_13_51_964_right.jpg,0.340000003576,0.600000023842
02_22_16_13_52_024_left.jpg,0.278926610947,0.600000023842
02_22_16_13_52_029_right.jpg,0.278926610947,0.600000023842
02_22_16_13_52_051_left.jpg,0.235492900014,0.600000023842
02_22_16_13_52_056_right.jpg,0.2219093889,0.600000023842
02_22_16_13_52_082_left.jpg,0.170331895351,0.600000023842
02_22_16_13_52_090_right.jpg,0.170331895351,0.600000023842
02_22_16_13_52_119_right.jpg,0.0780247971416,0.600000023842
02_22_16_13_52_119_left.jpg,0.0780247971416,0.600000023842
02_22_16_13_52_184_left.jpg,0.0,0.600000023842
02_22_16_13_52_185_right.jpg,0.0,0.600000023842
02_22_16_13_52_215_left.jpg,0.0,0.600000023842
02_22_16_13_52_216_right.jpg,0.0,0.600000023842
02_22_16_13_52_250_left.jpg,0.0,0.600000023842
02_22_16_13_52_251_right.jpg,0.0,0.600000023842
02_22_16_13_52_284_right.jpg,0.0,0.600000023842
02_22_16_13_52_291_left.jpg,0.0,0.600000023842
02_22_16_13_52_365_right.jpg,0.0,0.600000023842
02_22_16_13_52_366_left.jpg,0.0,0.600000023842
02_22_16_13_52_382_left.jpg,0.0,0.600000023842
02_22_16_13_52_386_right.jpg,0.0,0.600000023842
02_22_16_13_52_417_left.jpg,0.0,0.600000023842
02_22_16_13_52_422_right.jpg,0.0,0.600000023842
02_22_16_13_52_456_right.jpg,0.0,0.600000023842
02_22_16_13_52_457_left.jpg,0.0,0.600000023842
02_22_16_13_52_543_right.jpg,0.0,0.600000023842
02_22_16_13_52_544_left.jpg,0.0,0.600000023842
02_22_16_13_52_575_right.jpg,0.0,0.600000023842
02_22_16_13_52_576_left.jpg,0.0,0.600000023842
02_22_16_13_52_615_right.jpg,0.0,0.600000023842
02_22_16_13_52_619_left.jpg,0.0,0.600000023842
02_22_16_13_52_647_right.jpg,0.0,0.600000023842
02_22_16_13_52_652_left.jpg,0.0,0.600000023842
02_22_16_13_52_716_left.jpg,0.0318764969707,0.600000023842
02_22_16_13_52_716_right.jpg,0.0318764969707,0.600000023842
02_22_16_13_52_753_left.jpg,0.0753101930022,0.600000023842
02_22_16_13_52_754_right.jpg,0.0753101930022,0.600000023842
02_22_16_13_52_784_right.jpg,0.0834540128708,0.600000023842
02_22_16_13_52_785_left.jpg,0.0834540128708,0.600000023842
02_22_16_13_52_814_left.jpg,0.0834540128708,0.600000023842
02_22_16_13_52_824_right.jpg,0.0861686170101,0.600000023842
02_22_16_13_52_851_left.jpg,0.0915978252888,0.600000023842
02_22_16_13_52_865_right.jpg,0.0915978252888,0.600000023842
02_22_16_13_52_945_left.jpg,0.097027041018,0.600000023842
02_22_16_13_52_947_right.jpg,0.0997416451573,0.600000023842
02_22_16_13_52_983_left.jpg,0.105170860887,0.600000023842
02_22_16_13_52_984_right.jpg,0.105170860887,0.600000023842
02_22_16_13_53_044_left.jpg,0.113325156271,0.600000023842
02_22_16_13_53_048_right.jpg,0.113325156271,0.600000023842
02_22_16_13_53_125_right.jpg,0.113325156271,0.600000023842
02_22_16_13_53_126_left.jpg,0.113325156271,0.600000023842
02_22_16_13_53_167_right.jpg,0.113325156271,0.600000023842
02_22_16_13_53_168_left.jpg,0.113325156271,0.600000023842
02_22_16_13_53_181_left.jpg,0.113325156271,0.600000023842
02_22_16_13_53_191_right.jpg,0.113325156271,0.600000023842
02_22_16_13_53_218_right.jpg,0.113325156271,0.600000023842
02_22_16_13_53_218_left.jpg,0.113325156271,0.600000023842
02_22_16_13_53_254_right.jpg,0.113325156271,0.600000023842
02_22_16_13_53_254_left.jpg,0.113325156271,0.600000023842
02_22_16_13_53_331_left.jpg,0.0997416451573,0.600000023842
02_22_16_13_53_337_right.jpg,0.0997416451573,0.600000023842
02_22_16_13_53_356_left.jpg,0.0915978252888,0.600000023842
02_22_16_13_53_356_right.jpg,0.0915978252888,0.600000023842
02_22_16_13_53_384_right.jpg,0.0753101930022,0.600000023842
02_22_16_13_53_390_left.jpg,0.0753101930022,0.600000023842
02_22_16_13_53_416_left.jpg,0.0644517689943,0.600000023842
02_22_16_13_53_416_right.jpg,0.0644517689943,0.600000023842
02_22_16_13_53_488_left.jpg,0.0237326771021,0.600000023842
02_22_16_13_53_490_right.jpg,0.0237326771021,0.600000023842
02_22_16_13_53_529_left.jpg,0.0183034669608,0.600000023842
02_22_16_13_53_533_right.jpg,0.0183034669608,0.600000023842
02_22_16_13_53_551_right.jpg,0.0183034669608,0.600000023842
02_22_16_13_53_553_left.jpg,0.0183034669608,0.600000023842
02_22_16_13_53_596_right.jpg,0.0101596489549,0.600000023842
02_22_16_13_53_601_left.jpg,0.0101596489549,0.600000023842
02_22_16_13_53_625_left.jpg,0.0101596489549,0.600000023842
02_22_16_13_53_633_right.jpg,0.00473043695092,0.600000023842
02_22_16_13_53_691_left.jpg,0.00201583071612,0.600000023842
02_22_16_13_53_692_right.jpg,0.00201583071612,0.600000023842
02_22_16_13_53_726_left.jpg,0.0,0.600000023842
02_22_16_13_53_732_right.jpg,0.0,0.600000023842
02_22_16_13_53_763_left.jpg,0.0,0.600000023842
02_22_16_13_53_773_right.jpg,0.0,0.600000023842
02_22_16_13_53_790_left.jpg,0.0,0.600000023842
02_22_16_13_53_799_right.jpg,0.0,0.600000023842
02_22_16_13_53_826_left.jpg,0.0,0.600000023842
02_22_16_13_53_827_right.jpg,0.0,0.600000023842
02_22_16_13_53_895_right.jpg,0.0,0.600000023842
02_22_16_13_53_897_left.jpg,0.0,0.600000023842
02_22_16_13_53_928_left.jpg,0.0,0.600000023842
02_22_16_13_53_930_right.jpg,0.0,0.600000023842
02_22_16_13_53_968_right.jpg,0.0,0.600000023842
02_22_16_13_53_963_left.jpg,0.0,0.600000023842
02_22_16_13_54_016_right.jpg,0.0,0.600000023842
02_22_16_13_54_026_left.jpg,0.0,0.600000023842
02_22_16_13_54_042_right.jpg,0.0,0.600000023842
02_22_16_13_54_043_left.jpg,0.0,0.600000023842
02_22_16_13_54_127_left.jpg,0.0,0.600000023842
02_22_16_13_54_128_right.jpg,0.0,0.600000023842
02_22_16_13_54_161_left.jpg,0.0,0.600000023842
02_22_16_13_54_176_right.jpg,0.0,0.600000023842
02_22_16_13_54_229_left.jpg,-0.00470947474241,0.600000023842
02_22_16_13_54_251_right.jpg,-0.00742408074439,0.600000023842
02_22_16_13_54_270_left.jpg,-0.00742408074439,0.600000023842
02_22_16_13_54_282_right.jpg,-0.00742408074439,0.600000023842
02_22_16_13_54_360_left.jpg,-0.0372847467661,0.600000023842
02_22_16_13_54_366_right.jpg,-0.0372847467661,0.600000023842
02_22_16_13_54_397_left.jpg,-0.0372847467661,0.600000023842
02_22_16_13_54_398_right.jpg,-0.0372847467661,0.600000023842
02_22_16_13_54_448_left.jpg,-0.0372847467661,0.600000023842
02_22_16_13_54_456_right.jpg,-0.0372847467661,0.600000023842
02_22_16_13_54_482_left.jpg,-0.0372847467661,0.600000023842
02_22_16_13_54_484_right.jpg,-0.0372847467661,0.600000023842
02_22_16_13_54_521_left.jpg,-0.0372847467661,0.600000023842
02_22_16_13_54_537_right.jpg,-0.0372847467661,0.600000023842
02_22_16_13_54_581_left.jpg,-0.0372847467661,0.600000023842
02_22_16_13_54_581_right.jpg,-0.0372847467661,0.600000023842
02_22_16_13_54_614_right.jpg,-0.0372847467661,0.600000023842
02_22_16_13_54_615_left.jpg,-0.0372847467661,0.600000023842
02_22_16_13_54_655_left.jpg,-0.0372847467661,0.600000023842
02_22_16_13_54_655_right.jpg,-0.0372847467661,0.600000023842
02_22_16_13_54_681_left.jpg,-0.0372847467661,0.600000023842
02_22_16_13_54_681_right.jpg,-0.0372847467661,0.600000023842
02_22_16_13_54_717_left.jpg,-0.0372847467661,0.600000023842
02_22_16_13_54_723_right.jpg,-0.0372847467661,0.600000023842
02_22_16_13_54_782_right.jpg,-0.0372847467661,0.600000023842
02_22_16_13_54_784_left.jpg,-0.0372847467661,0.600000023842
02_22_16_13_54_825_left.jpg,-0.0372847467661,0.600000023842
02_22_16_13_54_827_right.jpg,-0.0372847467661,0.600000023842
02_22_16_13_54_852_left.jpg,-0.0372847467661,0.600000023842
02_22_16_13_54_859_right.jpg,-0.04271395877,0.600000023842
02_22_16_13_54_887_left.jpg,-0.0454285629094,0.600000023842
02_22_16_13_54_893_right.jpg,-0.0454285629094,0.600000023842
02_22_16_13_54_917_right.jpg,-0.0454285629094,0.600000023842
02_22_16_13_54_920_left.jpg,-0.0454285629094,0.600000023842
02_22_16_13_54_962_left.jpg,-0.0454285629094,0.600000023842
02_22_16_13_54_971_right.jpg,-0.0454285629094,0.600000023842
02_22_16_13_55_003_right.jpg,-0.0535723827779,0.600000023842
02_22_16_13_55_004_left.jpg,-0.0535723827779,0.600000023842
02_22_16_13_55_031_left.jpg,-0.0535723827779,0.600000023842
02_22_16_13_55_046_right.jpg,-0.0535723827779,0.600000023842
02_22_16_13_55_076_left.jpg,-0.0535723827779,0.600000023842
02_22_16_13_55_088_right.jpg,-0.0535723827779,0.600000023842
02_22_16_13_55_093_left.jpg,-0.0535723827779,0.600000023842
02_22_16_13_55_101_right.jpg,-0.0535723827779,0.600000023842
02_22_16_13_55_153_left.jpg,-0.0318555347621,0.600000023842
02_22_16_13_55_165_right.jpg,-0.0291409268975,0.600000023842
02_22_16_13_55_193_left.jpg,-0.0237117148936,0.600000023842
02_22_16_13_55_219_right.jpg,-0.0155678987503,0.600000023842
02_22_16_13_55_236_right.jpg,0.0,0.600000023842
02_22_16_13_55_243_left.jpg,0.0,0.600000023842
02_22_16_13_55_259_right.jpg,0.0,0.600000023842
02_22_16_13_55_259_left.jpg,0.0,0.600000023842
02_22_16_13_55_293_right.jpg,0.0,0.600000023842
02_22_16_13_55_295_left.jpg,0.0,0.600000023842
02_22_16_13_55_395_right.jpg,0.0,0.600000023842
02_22_16_13_55_397_left.jpg,0.0,0.600000023842
02_22_16_13_55_435_left.jpg,0.0,0.600000023842
02_22_16_13_55_442_right.jpg,0.0,0.600000023842
02_22_16_13_55_464_right.jpg,0.0,0.600000023842
02_22_16_13_55_461_left.jpg,0.0,0.600000023842
02_22_16_13_55_492_right.jpg,0.0,0.600000023842
02_22_16_13_55_494_left.jpg,0.0,0.600000023842
02_22_16_13_55_533_left.jpg,0.0,0.600000023842
02_22_16_13_55_537_right.jpg,0.0,0.600000023842
02_22_16_13_55_617_left.jpg,0.0,0.600000023842
02_22_16_13_55_632_right.jpg,0.0,0.600000023842
02_22_16_13_55_657_right.jpg,0.0,0.600000023842
02_22_16_13_55_661_left.jpg,0.0,0.600000023842
02_22_16_13_55_708_left.jpg,0.0,0.600000023842
02_22_16_13_55_709_right.jpg,0.0,0.600000023842
02_22_16_13_55_732_left.jpg,0.0,0.600000023842
02_22_16_13_55_734_right.jpg,0.0,0.600000023842
02_22_16_13_55_763_right.jpg,0.0,0.600000023842
02_22_16_13_55_763_left.jpg,0.0,0.600000023842
02_22_16_13_55_858_left.jpg,0.0,0.600000023842
02_22_16_13_55_861_right.jpg,0.0,0.600000023842
02_22_16_13_55_885_left.jpg,0.0,0.600000023842
02_22_16_13_55_888_right.jpg,0.0,0.600000023842
02_22_16_13_55_935_left.jpg,0.0,0.600000023842
02_22_16_13_55_935_right.jpg,0.0,0.600000023842
02_22_16_13_55_988_left.jpg,0.0,0.600000023842
02_22_16_13_55_989_right.jpg,0.0,0.600000023842
02_22_16_13_56_016_left.jpg,0.0,0.600000023842
02_22_16_13_56_021_right.jpg,0.0,0.600000023842
02_22_16_13_56_084_left.jpg,0.0237326771021,0.600000023842
02_22_16_13_56_085_right.jpg,0.0237326771021,0.600000023842
02_22_16_13_56_119_right.jpg,0.0698809847236,0.600000023842
02_22_16_13_56_121_left.jpg,0.0698809847236,0.600000023842
02_22_16_13_56_150_right.jpg,0.0780247971416,0.600000023842
02_22_16_13_56_150_left.jpg,0.0780247971416,0.600000023842
02_22_16_13_56_183_left.jpg,0.113325156271,0.600000023842
02_22_16_13_56_187_right.jpg,0.113325156271,0.600000023842
02_22_16_13_56_229_right.jpg,0.12146897614,0.600000023842
02_22_16_13_56_230_left.jpg,0.12146897614,0.600000023842
02_22_16_13_56_289_left.jpg,0.170331895351,0.600000023842
02_22_16_13_56_290_right.jpg,0.170331895351,0.600000023842
02_22_16_13_56_321_right.jpg,0.17304648459,0.600000023842
02_22_16_13_56_321_left.jpg,0.17304648459,0.600000023842
02_22_16_13_56_353_left.jpg,0.178475692868,0.600000023842
02_22_16_13_56_354_right.jpg,0.178475692868,0.600000023842
02_22_16_13_56_386_left.jpg,0.178475692868,0.600000023842
02_22_16_13_56_387_right.jpg,0.178475692868,0.600000023842
02_22_16_13_56_421_left.jpg,0.178475692868,0.600000023842
02_22_16_13_56_424_right.jpg,0.178475692868,0.600000023842
02_22_16_13_56_502_left.jpg,0.202907145023,0.600000023842
02_22_16_13_56_509_right.jpg,0.202907145023,0.600000023842
02_22_16_13_56_537_right.jpg,0.208336383104,0.600000023842
02_22_16_13_56_541_left.jpg,0.216480180621,0.600000023842
02_22_16_13_56_567_left.jpg,0.2219093889,0.600000023842
02_22_16_13_56_568_right.jpg,0.2219093889,0.600000023842
02_22_16_13_56_598_left.jpg,0.230063691735,0.600000023842
02_22_16_13_56_607_right.jpg,0.230063691735,0.600000023842
02_22_16_13_56_636_left.jpg,0.230063691735,0.600000023842
02_22_16_13_56_637_right.jpg,0.230063691735,0.600000023842
02_22_16_13_56_717_left.jpg,0.243636727333,0.600000023842
02_22_16_13_56_721_right.jpg,0.243636727333,0.600000023842
02_22_16_13_56_750_right.jpg,0.243636727333,0.600000023842
02_22_16_13_56_760_left.jpg,0.246351346374,0.600000023842
02_22_16_13_56_787_right.jpg,0.251780539751,0.600000023842
02_22_16_13_56_788_left.jpg,0.251780539751,0.600000023842
02_22_16_13_56_828_right.jpg,0.251780539751,0.600000023842
02_22_16_13_56_832_left.jpg,0.251780539751,0.600000023842
02_22_16_13_56_877_right.jpg,0.251780539751,0.600000023842
02_22_16_13_56_880_left.jpg,0.251780539751,0.600000023842
02_22_16_13_56_935_left.jpg,0.251780539751,0.600000023842
02_22_16_13_56_938_right.jpg,0.251780539751,0.600000023842
02_22_16_13_56_964_left.jpg,0.251780539751,0.600000023842
02_22_16_13_56_964_right.jpg,0.251780539751,0.600000023842
02_22_16_13_57_001_left.jpg,0.251780539751,0.600000023842
02_22_16_13_57_005_right.jpg,0.251780539751,0.600000023842
02_22_16_13_57_038_left.jpg,0.251780539751,0.600000023842
02_22_16_13_57_039_right.jpg,0.251780539751,0.600000023842
02_22_16_13_57_076_left.jpg,0.251780539751,0.600000023842
02_22_16_13_57_080_right.jpg,0.251780539751,0.600000023842
02_22_16_13_57_158_left.jpg,0.251780539751,0.600000023842
02_22_16_13_57_159_right.jpg,0.251780539751,0.600000023842
02_22_16_13_57_193_left.jpg,0.22462400794,0.600000023842
02_22_16_13_57_206_right.jpg,0.213765591383,0.600000023842
02_22_16_13_57_234_right.jpg,0.194763347507,0.600000023842
02_22_16_13_57_236_left.jpg,0.194763347507,0.600000023842
02_22_16_13_57_266_left.jpg,0.192048728466,0.600000023842
02_22_16_13_57_266_right.jpg,0.192048728466,0.600000023842
02_22_16_13_57_297_left.jpg,0.192048728466,0.600000023842
02_22_16_13_57_301_right.jpg,0.192048728466,0.600000023842
02_22_16_13_57_352_left.jpg,0.192048728466,0.600000023842
02_22_16_13_57_352_right.jpg,0.192048728466,0.600000023842
02_22_16_13_57_384_left.jpg,0.192048728466,0.600000023842
02_22_16_13_57_384_right.jpg,0.192048728466,0.600000023842
02_22_16_13_57_417_left.jpg,0.192048728466,0.600000023842
02_22_16_13_57_418_right.jpg,0.192048728466,0.600000023842
02_22_16_13_57_454_left.jpg,0.178475692868,0.600000023842
02_22_16_13_57_454_right.jpg,0.178475692868,0.600000023842
02_22_16_13_57_486_left.jpg,0.178475692868,0.600000023842
02_22_16_13_57_489_right.jpg,0.178475692868,0.600000023842
02_22_16_13_57_584_left.jpg,0.178475692868,0.600000023842
02_22_16_13_57_589_right.jpg,0.178475692868,0.600000023842
02_22_16_13_57_617_left.jpg,0.178475692868,0.600000023842
02_22_16_13_57_617_right.jpg,0.178475692868,0.600000023842
02_22_16_13_57_654_right.jpg,0.178475692868,0.600000023842
02_22_16_13_57_655_left.jpg,0.178475692868,0.600000023842
02_22_16_13_57_685_left.jpg,0.178475692868,0.600000023842
02_22_16_13_57_687_right.jpg,0.178475692868,0.600000023842
02_22_16_13_57_749_left.jpg,0.178475692868,0.600000023842
02_22_16_13_57_750_right.jpg,0.178475692868,0.600000023842
02_22_16_13_57_785_right.jpg,0.178475692868,0.600000023842
02_22_16_13_57_788_left.jpg,0.178475692868,0.600000023842
02_22_16_13_57_836_left.jpg,0.192048728466,0.600000023842
02_22_16_13_57_838_right.jpg,0.192048728466,0.600000023842
02_22_16_13_57_884_left.jpg,0.192048728466,0.600000023842
02_22_16_13_57_901_right.jpg,0.192048728466,0.600000023842
02_22_16_13_57_958_left.jpg,0.192048728466,0.600000023842
02_22_16_13_57_969_right.jpg,0.192048728466,0.600000023842
02_22_16_13_57_991_left.jpg,0.192048728466,0.600000023842
02_22_16_13_57_996_right.jpg,0.192048728466,0.600000023842
02_22_16_13_58_017_left.jpg,0.192048728466,0.600000023842
02_22_16_13_58_021_right.jpg,0.192048728466,0.600000023842
02_22_16_13_58_057_left.jpg,0.192048728466,0.600000023842
02_22_16_13_58_061_right.jpg,0.192048728466,0.600000023842
02_22_16_13_58_126_left.jpg,0.192048728466,0.600000023842
02_22_16_13_58_127_right.jpg,0.192048728466,0.600000023842
02_22_16_13_58_222_right.jpg,0.194763347507,0.600000023842
02_22_16_13_58_231_left.jpg,0.202907145023,0.600000023842
02_22_16_13_58_291_left.jpg,0.208336383104,0.600000023842
02_22_16_13_58_292_right.jpg,0.208336383104,0.600000023842
02_22_16_13_58_316_left.jpg,0.208336383104,0.600000023842
02_22_16_13_58_318_right.jpg,0.208336383104,0.600000023842
02_22_16_13_58_362_left.jpg,0.208336383104,0.600000023842
02_22_16_13_58_362_right.jpg,0.208336383104,0.600000023842
02_22_16_13_58_426_left.jpg,0.208336383104,0.600000023842
02_22_16_13_58_427_right.jpg,0.208336383104,0.600000023842
02_22_16_13_58_464_left.jpg,0.208336383104,0.600000023842
02_22_16_13_58_477_right.jpg,0.208336383104,0.600000023842
02_22_16_13_58_494_left.jpg,0.192048728466,0.600000023842
02_22_16_13_58_507_right.jpg,0.17304648459,0.600000023842
02_22_16_13_58_538_left.jpg,0.151329651475,0.600000023842
02_22_16_13_58_541_right.jpg,0.151329651475,0.600000023842
02_22_16_13_58_564_left.jpg,0.118754372001,0.600000023842
02_22_16_13_58_567_right.jpg,0.118754372001,0.600000023842
02_22_16_13_58_659_right.jpg,0.0481641329825,0.600000023842
02_22_16_13_58_655_left.jpg,0.0481641329825,0.600000023842
02_22_16_13_58_731_left.jpg,0.0400203131139,0.600000023842
02_22_16_13_58_735_right.jpg,0.0400203131139,0.600000023842
02_22_16_13_58_761_left.jpg,0.0264472849667,0.600000023842
02_22_16_13_58_763_right.jpg,0.0264472849667,0.600000023842
02_22_16_13_58_801_left.jpg,0.0264472849667,0.600000023842
02_22_16_13_58_804_right.jpg,0.0264472849667,0.600000023842
02_22_16_13_58_886_right.jpg,0.0264472849667,0.600000023842
02_22_16_13_58_884_left.jpg,0.0264472849667,0.600000023842
02_22_16_13_58_927_left.jpg,0.0617371611297,0.600000023842
02_22_16_13_58_932_right.jpg,0.0617371611297,0.600000023842
02_22_16_13_58_970_left.jpg,0.105170860887,0.600000023842
02_22_16_13_58_973_right.jpg,0.105170860887,0.600000023842
02_22_16_13_59_000_left.jpg,0.113325156271,0.600000023842
02_22_16_13_59_001_right.jpg,0.113325156271,0.600000023842
02_22_16_13_59_024_left.jpg,0.118754372001,0.600000023842
02_22_16_13_59_027_right.jpg,0.118754372001,0.600000023842
02_22_16_13_59_082_right.jpg,0.118754372001,0.600000023842
02_22_16_13_59_085_left.jpg,0.118754372001,0.600000023842
02_22_16_13_59_120_left.jpg,0.118754372001,0.600000023842
02_22_16_13_59_121_right.jpg,0.118754372001,0.600000023842
02_22_16_13_59_152_left.jpg,0.118754372001,0.600000023842
02_22_16_13_59_154_right.jpg,0.118754372001,0.600000023842
02_22_16_13_59_192_left.jpg,0.118754372001,0.600000023842
02_22_16_13_59_193_right.jpg,0.118754372001,0.600000023842
02_22_16_13_59_232_left.jpg,0.118754372001,0.600000023842
02_22_16_13_59_242_right.jpg,0.143185824156,0.600000023842
02_22_16_13_59_298_left.jpg,0.148615032434,0.600000023842
02_22_16_13_59_301_right.jpg,0.148615032434,0.600000023842
02_22_16_13_59_333_left.jpg,0.151329651475,0.600000023842
02_22_16_13_59_337_right.jpg,0.151329651475,0.600000023842
02_22_16_13_59_389_left.jpg,0.164902672172,0.600000023842
02_22_16_13_59_396_right.jpg,0.170331895351,0.600000023842
02_22_16_13_59_438_left.jpg,0.17304648459,0.600000023842
02_22_16_13_59_448_right.jpg,0.17304648459,0.600000023842
02_22_16_13_59_453_left.jpg,0.17304648459,0.600000023842
02_22_16_13_59_457_right.jpg,0.178475692868,0.600000023842
02_22_16_13_59_538_left.jpg,0.192048728466,0.600000023842
02_22_16_13_59_538_right.jpg,0.192048728466,0.600000023842
02_22_16_13_59_562_right.jpg,0.192048728466,0.600000023842
02_22_16_13_59_565_left.jpg,0.192048728466,0.600000023842
02_22_16_13_59_601_left.jpg,0.202907145023,0.600000023842
02_22_16_13_59_616_right.jpg,0.202907145023,0.600000023842
02_22_16_13_59_642_right.jpg,0.208336383104,0.600000023842
02_22_16_13_59_642_left.jpg,0.208336383104,0.600000023842
02_22_16_13_59_662_left.jpg,0.208336383104,0.600000023842
02_22_16_13_59_666_right.jpg,0.213765591383,0.600000023842
02_22_16_13_59_752_left.jpg,0.230063691735,0.600000023842
02_22_16_13_59_757_right.jpg,0.238207519054,0.600000023842
02_22_16_13_59_796_left.jpg,0.243636727333,0.600000023842
02_22_16_13_59_797_right.jpg,0.243636727333,0.600000023842
02_22_16_13_59_834_left.jpg,0.246351346374,0.600000023842
02_22_16_13_59_840_right.jpg,0.246351346374,0.600000023842
02_22_16_13_59_899_right.jpg,0.246351346374,0.600000023842
02_22_16_13_59_902_left.jpg,0.246351346374,0.600000023842
02_22_16_13_59_916_left.jpg,0.246351346374,0.600000023842
02_22_16_13_59_926_right.jpg,0.246351346374,0.600000023842
02_22_16_14_00_027_right.jpg,0.251780539751,0.600000023842
02_22_16_14_00_027_left.jpg,0.251780539751,0.600000023842
02_22_16_14_00_069_left.jpg,0.26535359025,0.600000023842
02_22_16_14_00_081_right.jpg,0.273497372866,0.600000023842
02_22_16_14_00_110_right.jpg,0.281641215086,0.600000023842
02_22_16_14_00_111_left.jpg,0.281641215086,0.600000023842
02_22_16_14_00_143_left.jpg,0.287070423365,0.600000023842
02_22_16_14_00_150_right.jpg,0.287070423365,0.600000023842
02_22_16_14_00_177_left.jpg,0.289785027504,0.600000023842
02_22_16_14_00_196_right.jpg,0.289785027504,0.600000023842
02_22_16_14_00_260_left.jpg,0.303358048201,0.600000023842
02_22_16_14_00_265_right.jpg,0.303358048201,0.600000023842
02_22_16_14_00_280_left.jpg,0.308787286282,0.600000023842
02_22_16_14_00_296_right.jpg,0.311501860619,0.600000023842
02_22_16_14_00_327_left.jpg,0.311501860619,0.600000023842
02_22_16_14_00_341_right.jpg,0.311501860619,0.600000023842
02_22_16_14_00_366_left.jpg,0.322360306978,0.600000023842
02_22_16_14_00_372_right.jpg,0.322360306978,0.600000023842
02_22_16_14_00_406_left.jpg,0.325074911118,0.600000023842
02_22_16_14_00_404_right.jpg,0.325074911118,0.600000023842
02_22_16_14_00_470_right.jpg,0.330504119396,0.600000023842
02_22_16_14_00_472_left.jpg,0.330504119396,0.600000023842
02_22_16_14_00_509_left.jpg,0.330504119396,0.600000023842
02_22_16_14_00_515_right.jpg,0.330504119396,0.600000023842
02_22_16_14_00_538_left.jpg,0.330504119396,0.600000023842
02_22_16_14_00_539_right.jpg,0.330504119396,0.600000023842
02_22_16_14_00_578_left.jpg,0.330504119396,0.600000023842
02_22_16_14_00_583_right.jpg,0.330504119396,0.600000023842
02_22_16_14_00_634_left.jpg,0.330504119396,0.600000023842
02_22_16_14_00_641_right.jpg,0.330504119396,0.600000023842
02_22_16_14_00_716_left.jpg,0.330504119396,0.600000023842
02_22_16_14_00_716_right.jpg,0.330504119396,0.600000023842
02_22_16_14_00_754_left.jpg,0.243636727333,0.600000023842
02_22_16_14_00_755_right.jpg,0.243636727333,0.600000023842
02_22_16_14_00_793_left.jpg,0.2219093889,0.600000023842
02_22_16_14_00_793_right.jpg,0.2219093889,0.600000023842
02_22_16_14_00_825_left.jpg,0.213765591383,0.600000023842
02_22_16_14_00_828_right.jpg,0.213765591383,0.600000023842
02_22_16_14_00_870_left.jpg,0.178475692868,0.600000023842
02_22_16_14_00_877_right.jpg,0.178475692868,0.600000023842
02_22_16_14_00_955_left.jpg,0.17304648459,0.600000023842
02_22_16_14_00_959_right.jpg,0.17304648459,0.600000023842
02_22_16_14_00_987_left.jpg,0.17304648459,0.600000023842
02_22_16_14_00_988_right.jpg,0.17304648459,0.600000023842
02_22_16_14_01_043_left.jpg,0.170331895351,0.600000023842
02_22_16_14_01_047_right.jpg,0.170331895351,0.600000023842
02_22_16_14_01_068_right.jpg,0.162188068032,0.600000023842
02_22_16_14_01_073_left.jpg,0.151329651475,0.600000023842
02_22_16_14_01_110_right.jpg,0.135042011738,0.600000023842
02_22_16_14_01_112_left.jpg,0.126898184419,0.600000023842
02_22_16_14_01_213_right.jpg,0.0753101930022,0.600000023842
02_22_16_14_01_212_left.jpg,0.0753101930022,0.600000023842
02_22_16_14_01_238_left.jpg,0.0563079528511,0.600000023842
02_22_16_14_01_243_right.jpg,0.0481641329825,0.600000023842
02_22_16_14_01_274_left.jpg,0.0318764969707,0.600000023842
02_22_16_14_01_274_right.jpg,0.0318764969707,0.600000023842
02_22_16_14_01_305_left.jpg,0.0264472849667,0.600000023842
02_22_16_14_01_307_right.jpg,0.0264472849667,0.600000023842
02_22_16_14_01_350_left.jpg,0.0183034669608,0.600000023842
02_22_16_14_01_358_right.jpg,0.0183034669608,0.600000023842
02_22_16_14_01_425_left.jpg,0.0128742549568,0.600000023842
02_22_16_14_01_426_right.jpg,0.0128742549568,0.600000023842
02_22_16_14_01_469_left.jpg,0.0128742549568,0.600000023842
02_22_16_14_01_478_right.jpg,0.0128742549568,0.600000023842
02_22_16_14_01_524_left.jpg,0.0128742549568,0.600000023842
02_22_16_14_01_536_right.jpg,0.0128742549568,0.600000023842
02_22_16_14_01_616_right.jpg,0.0644517689943,0.600000023842
02_22_16_14_01_618_left.jpg,0.0644517689943,0.600000023842
02_22_16_14_01_711_left.jpg,0.0698809847236,0.600000023842
02_22_16_14_01_718_right.jpg,0.0698809847236,0.600000023842
02_22_16_14_01_734_left.jpg,0.0698809847236,0.600000023842
02_22_16_14_01_735_right.jpg,0.0698809847236,0.600000023842
02_22_16_14_01_768_left.jpg,0.0698809847236,0.600000023842
02_22_16_14_01_775_right.jpg,0.0780247971416,0.600000023842
02_22_16_14_01_803_left.jpg,0.0834540128708,0.600000023842
02_22_16_14_01_807_right.jpg,0.0861686170101,0.600000023842
02_22_16_14_01_877_left.jpg,0.0997416451573,0.600000023842
02_22_16_14_01_879_right.jpg,0.0997416451573,0.600000023842
02_22_16_14_01_971_left.jpg,0.12146897614,0.600000023842
02_22_16_14_01_970_right.jpg,0.12146897614,0.600000023842
02_22_16_14_02_001_left.jpg,0.12146897614,0.600000023842
02_22_16_14_02_009_right.jpg,0.126898184419,0.600000023842
02_22_16_14_02_039_right.jpg,0.135042011738,0.600000023842
02_22_16_14_02_040_left.jpg,0.135042011738,0.600000023842
02_22_16_14_02_086_left.jpg,0.151329651475,0.600000023842
02_22_16_14_02_086_right.jpg,0.151329651475,0.600000023842
02_22_16_14_02_126_left.jpg,0.151329651475,0.600000023842
02_22_16_14_02_139_right.jpg,0.156758859754,0.600000023842
02_22_16_14_02_222_left.jpg,0.156758859754,0.600000023842
02_22_16_14_02_226_right.jpg,0.156758859754,0.600000023842
02_22_16_14_02_256_left.jpg,0.156758859754,0.600000023842
02_22_16_14_02_256_right.jpg,0.156758859754,0.600000023842
02_22_16_14_02_322_left.jpg,0.105170860887,0.600000023842
02_22_16_14_02_333_right.jpg,0.105170860887,0.600000023842
02_22_16_14_02_360_left.jpg,0.0780247971416,0.600000023842
02_22_16_14_02_368_right.jpg,0.0780247971416,0.600000023842
02_22_16_14_02_394_right.jpg,0.0698809847236,0.600000023842
02_22_16_14_02_395_left.jpg,0.0698809847236,0.600000023842
02_22_16_14_02_449_right.jpg,0.0698809847236,0.600000023842
02_22_16_14_02_450_left.jpg,0.0698809847236,0.600000023842
02_22_16_14_02_482_left.jpg,0.0698809847236,0.600000023842
02_22_16_14_02_486_right.jpg,0.0698809847236,0.600000023842
02_22_16_14_02_519_right.jpg,0.0698809847236,0.600000023842
02_22_16_14_02_519_left.jpg,0.0698809847236,0.600000023842
02_22_16_14_02_582_left.jpg,0.0698809847236,0.600000023842
02_22_16_14_02_582_right.jpg,0.0698809847236,0.600000023842
02_22_16_14_02_614_left.jpg,0.0834540128708,0.600000023842
02_22_16_14_02_615_right.jpg,0.0834540128708,0.600000023842
02_22_16_14_02_683_left.jpg,0.105170860887,0.600000023842
02_22_16_14_02_686_right.jpg,0.105170860887,0.600000023842
02_22_16_14_02_719_left.jpg,0.107885465026,0.600000023842
02_22_16_14_02_723_right.jpg,0.107885465026,0.600000023842
02_22_16_14_02_757_left.jpg,0.107885465026,0.600000023842
02_22_16_14_02_758_right.jpg,0.107885465026,0.600000023842
02_22_16_14_02_798_left.jpg,0.107885465026,0.600000023842
02_22_16_14_02_808_right.jpg,0.107885465026,0.600000023842
02_22_16_14_02_861_left.jpg,0.107885465026,0.600000023842
02_22_16_14_02_876_right.jpg,0.0915978252888,0.600000023842
02_22_16_14_02_958_left.jpg,0.0563079528511,0.600000023842
02_22_16_14_02_960_right.jpg,0.0563079528511,0.600000023842
02_22_16_14_03_001_left.jpg,0.03459110111,0.600000023842
02_22_16_14_03_007_right.jpg,0.03459110111,0.600000023842
02_22_16_14_03_029_left.jpg,0.03459110111,0.600000023842
02_22_16_14_03_036_right.jpg,0.03459110111,0.600000023842
02_22_16_14_03_067_right.jpg,0.03459110111,0.600000023842
02_22_16_14_03_069_left.jpg,0.03459110111,0.600000023842
02_22_16_14_03_095_right.jpg,0.03459110111,0.600000023842
02_22_16_14_03_097_left.jpg,0.03459110111,0.600000023842
02_22_16_14_03_218_right.jpg,0.0318764969707,0.600000023842
02_22_16_14_03_216_left.jpg,0.0318764969707,0.600000023842
02_22_16_14_03_257_left.jpg,0.0318764969707,0.600000023842
02_22_16_14_03_262_right.jpg,0.0318764969707,0.600000023842
02_22_16_14_03_289_right.jpg,0.0318764969707,0.600000023842
02_22_16_14_03_292_left.jpg,0.0318764969707,0.600000023842
02_22_16_14_03_343_left.jpg,0.0318764969707,0.600000023842
02_22_16_14_03_349_right.jpg,0.0318764969707,0.600000023842
02_22_16_14_03_374_right.jpg,0.0318764969707,0.600000023842
02_22_16_14_03_377_left.jpg,0.0318764969707,0.600000023842
02_22_16_14_03_461_left.jpg,0.0318764969707,0.600000023842
02_22_16_14_03_473_right.jpg,0.0318764969707,0.600000023842
02_22_16_14_03_494_left.jpg,0.0318764969707,0.600000023842
02_22_16_14_03_517_right.jpg,0.0454495288432,0.600000023842
02_22_16_14_03_528_left.jpg,0.0454495288432,0.600000023842
02_22_16_14_03_533_right.jpg,0.0454495288432,0.600000023842
02_22_16_14_03_576_left.jpg,0.0563079528511,0.600000023842
02_22_16_14_03_578_right.jpg,0.0563079528511,0.600000023842
02_22_16_14_03_613_left.jpg,0.0834540128708,0.600000023842
02_22_16_14_03_627_right.jpg,0.0861686170101,0.600000023842
02_22_16_14_03_685_right.jpg,0.0915978252888,0.600000023842
02_22_16_14_03_688_left.jpg,0.0915978252888,0.600000023842
02_22_16_14_03_717_left.jpg,0.097027041018,0.600000023842
02_22_16_14_03_720_right.jpg,0.097027041018,0.600000023842
02_22_16_14_03_753_right.jpg,0.0997416451573,0.600000023842
02_22_16_14_03_755_left.jpg,0.0997416451573,0.600000023842
02_22_16_14_03_789_left.jpg,0.0997416451573,0.600000023842
02_22_16_14_03_792_right.jpg,0.0997416451573,0.600000023842
02_22_16_14_03_828_left.jpg,0.0997416451573,0.600000023842
02_22_16_14_03_831_right.jpg,0.0997416451573,0.600000023842
02_22_16_14_03_902_left.jpg,0.107885465026,0.600000023842
02_22_16_14_03_913_right.jpg,0.107885465026,0.600000023842
02_22_16_14_03_941_left.jpg,0.12146897614,0.600000023842
02_22_16_14_03_948_right.jpg,0.12146897614,0.600000023842
02_22_16_14_03_976_right.jpg,0.143185824156,0.600000023842
02_22_16_14_03_980_left.jpg,0.143185824156,0.600000023842
02_22_16_14_04_031_left.jpg,0.151329651475,0.600000023842
02_22_16_14_04_034_right.jpg,0.151329651475,0.600000023842
02_22_16_14_04_076_left.jpg,0.156758859754,0.600000023842
02_22_16_14_04_082_right.jpg,0.164902672172,0.600000023842
02_22_16_14_04_153_left.jpg,0.17304648459,0.600000023842
02_22_16_14_04_166_right.jpg,0.178475692868,0.600000023842
02_22_16_14_04_197_left.jpg,0.183904916048,0.600000023842
02_22_16_14_04_203_right.jpg,0.192048728466,0.600000023842
02_22_16_14_04_246_left.jpg,0.200192555785,0.600000023842
02_22_16_14_04_254_right.jpg,0.200192555785,0.600000023842
02_22_16_14_04_276_left.jpg,0.202907145023,0.600000023842
02_22_16_14_04_282_right.jpg,0.202907145023,0.600000023842
02_22_16_14_04_303_right.jpg,0.208336383104,0.600000023842
02_22_16_14_04_305_left.jpg,0.208336383104,0.600000023842
02_22_16_14_04_407_left.jpg,0.22462400794,0.600000023842
02_22_16_14_04_408_right.jpg,0.22462400794,0.600000023842
02_22_16_14_04_454_left.jpg,0.230063691735,0.600000023842
02_22_16_14_04_464_right.jpg,0.230063691735,0.600000023842
02_22_16_14_04_474_left.jpg,0.230063691735,0.600000023842
02_22_16_14_04_477_right.jpg,0.230063691735,0.600000023842
02_22_16_14_04_512_left.jpg,0.230063691735,0.600000023842
02_22_16_14_04_514_right.jpg,0.230063691735,0.600000023842
02_22_16_14_04_555_left.jpg,0.230063691735,0.600000023842
02_22_16_14_04_563_right.jpg,0.230063691735,0.600000023842
02_22_16_14_04_653_left.jpg,0.230063691735,0.600000023842
02_22_16_14_04_658_right.jpg,0.230063691735,0.600000023842
02_22_16_14_04_683_left.jpg,0.230063691735,0.600000023842
02_22_16_14_04_689_right.jpg,0.230063691735,0.600000023842
02_22_16_14_04_713_left.jpg,0.235492900014,0.600000023842
02_22_16_14_04_715_right.jpg,0.235492900014,0.600000023842
02_22_16_14_04_756_left.jpg,0.243636727333,0.600000023842
02_22_16_14_04_760_right.jpg,0.243636727333,0.600000023842
02_22_16_14_04_810_right.jpg,0.246351346374,0.600000023842
02_22_16_14_04_821_left.jpg,0.246351346374,0.600000023842
02_22_16_14_04_911_left.jpg,0.251780539751,0.600000023842
02_22_16_14_04_913_right.jpg,0.251780539751,0.600000023842
02_22_16_14_04_924_right.jpg,0.251780539751,0.600000023842
02_22_16_14_04_925_left.jpg,0.251780539751,0.600000023842
02_22_16_14_04_960_left.jpg,0.251780539751,0.600000023842
02_22_16_14_04_966_right.jpg,0.251780539751,0.600000023842
02_22_16_14_04_990_right.jpg,0.251780539751,0.600000023842
02_22_16_14_04_989_left.jpg,0.251780539751,0.600000023842
02_22_16_14_05_026_left.jpg,0.251780539751,0.600000023842
02_22_16_14_05_041_right.jpg,0.251780539751,0.600000023842
02_22_16_14_05_100_right.jpg,0.129612803459,0.600000023842
02_22_16_14_05_100_left.jpg,0.129612803459,0.600000023842
02_22_16_14_05_127_left.jpg,0.0698809847236,0.600000023842
02_22_16_14_05_138_right.jpg,0.0698809847236,0.600000023842
02_22_16_14_05_161_left.jpg,0.0400203131139,0.600000023842
02_22_16_14_05_161_right.jpg,0.0400203131139,0.600000023842
02_22_16_14_05_197_right.jpg,0.0101596489549,0.600000023842
02_22_16_14_05_198_left.jpg,0.0101596489549,0.600000023842
02_22_16_14_05_239_left.jpg,0.0,0.600000023842
02_22_16_14_05_240_right.jpg,0.0,0.600000023842
02_22_16_14_05_288_left.jpg,0.0,0.600000023842
02_22_16_14_05_289_right.jpg,0.0,0.600000023842
02_22_16_14_05_322_right.jpg,0.0,0.600000023842
02_22_16_14_05_325_left.jpg,0.0,0.600000023842
02_22_16_14_05_359_right.jpg,-0.0128532927483,0.600000023842
02_22_16_14_05_362_left.jpg,-0.0128532927483,0.600000023842
02_22_16_14_05_397_left.jpg,-0.0318555347621,0.600000023842
02_22_16_14_05_406_right.jpg,-0.0508577786386,0.600000023842
02_22_16_14_05_444_left.jpg,-0.075289234519,0.600000023842
02_22_16_14_05_457_right.jpg,-0.0780038386583,0.600000023842
02_22_16_14_05_525_left.jpg,-0.0780038386583,0.600000023842
02_22_16_14_05_529_right.jpg,-0.0780038386583,0.600000023842
02_22_16_14_05_570_right.jpg,-0.0780038386583,0.600000023842
02_22_16_14_05_573_left.jpg,-0.0780038386583,0.600000023842
02_22_16_14_05_626_left.jpg,-0.0970060825348,0.600000023842
02_22_16_14_05_628_right.jpg,-0.0970060825348,0.600000023842
02_22_16_14_05_692_left.jpg,-0.124162621796,0.600000023842
02_22_16_14_05_694_right.jpg,-0.137735649943,0.600000023842
02_22_16_14_05_757_left.jpg,-0.145879477262,0.600000023842
02_22_16_14_05_761_right.jpg,-0.145879477262,0.600000023842
02_22_16_14_05_790_left.jpg,-0.145879477262,0.600000023842
02_22_16_14_05_793_right.jpg,-0.145879477262,0.600000023842
02_22_16_14_05_827_left.jpg,-0.15402328968,0.600000023842
02_22_16_14_05_840_right.jpg,-0.15402328968,0.600000023842
02_22_16_14_05_897_right.jpg,-0.159452497959,0.600000023842
02_22_16_14_05_899_left.jpg,-0.159452497959,0.600000023842
02_22_16_14_05_933_left.jpg,-0.159452497959,0.600000023842
02_22_16_14_05_959_right.jpg,-0.159452497959,0.600000023842
02_22_16_14_06_014_left.jpg,-0.159452497959,0.600000023842
02_22_16_14_06_033_right.jpg,-0.159452497959,0.600000023842
02_22_16_14_06_062_left.jpg,-0.159452497959,0.600000023842
02_22_16_14_06_067_right.jpg,-0.145879477262,0.600000023842
02_22_16_14_06_112_left.jpg,-0.143164858222,0.600000023842
02_22_16_14_06_116_right.jpg,-0.137735649943,0.600000023842
02_22_16_14_06_160_left.jpg,-0.116018801928,0.600000023842
02_22_16_14_06_173_right.jpg,-0.116018801928,0.600000023842
02_22_16_14_06_205_left.jpg,-0.107864499092,0.600000023842
02_22_16_14_06_216_right.jpg,-0.107864499092,0.600000023842
02_22_16_14_06_288_left.jpg,-0.0997206866741,0.600000023842
02_22_16_14_06_314_right.jpg,-0.0997206866741,0.600000023842
02_22_16_14_06_325_left.jpg,-0.0997206866741,0.600000023842
02_22_16_14_06_333_right.jpg,-0.0997206866741,0.600000023842
02_22_16_14_06_363_left.jpg,-0.0997206866741,0.600000023842
02_22_16_14_06_369_right.jpg,-0.0997206866741,0.600000023842
02_22_16_14_06_401_right.jpg,-0.0997206866741,0.600000023842
02_22_16_14_06_402_left.jpg,-0.0997206866741,0.600000023842
02_22_16_14_06_438_left.jpg,-0.0997206866741,0.600000023842
02_22_16_14_06_441_right.jpg,-0.0997206866741,0.600000023842
02_22_16_14_06_526_left.jpg,-0.083433046937,0.600000023842
02_22_16_14_06_532_right.jpg,-0.083433046937,0.600000023842
02_22_16_14_06_559_left.jpg,-0.0671454146504,0.600000023842
02_22_16_14_06_560_right.jpg,-0.0671454146504,0.600000023842
02_22_16_14_06_614_left.jpg,-0.0155678987503,0.600000023842
02_22_16_14_06_614_right.jpg,-0.0155678987503,0.600000023842
02_22_16_14_06_640_left.jpg,0.0,0.600000023842
02_22_16_14_06_640_right.jpg,0.0,0.600000023842
02_22_16_14_06_668_left.jpg,0.0,0.600000023842
02_22_16_14_06_668_right.jpg,0.0,0.600000023842
02_22_16_14_06_738_left.jpg,0.0,0.600000023842
02_22_16_14_06_739_right.jpg,0.0,0.600000023842
02_22_16_14_06_779_left.jpg,0.0,0.600000023842
02_22_16_14_06_780_right.jpg,0.0,0.600000023842
02_22_16_14_06_839_left.jpg,0.0318764969707,0.600000023842
02_22_16_14_06_846_right.jpg,0.0318764969707,0.600000023842
02_22_16_14_06_883_left.jpg,0.0617371611297,0.600000023842
02_22_16_14_06_902_right.jpg,0.0753101930022,0.600000023842
02_22_16_14_06_914_left.jpg,0.0834540128708,0.600000023842
02_22_16_14_06_931_right.jpg,0.0834540128708,0.600000023842
02_22_16_14_07_001_left.jpg,0.118754372001,0.600000023842
02_22_16_14_07_001_right.jpg,0.118754372001,0.600000023842
02_22_16_14_07_032_left.jpg,0.126898184419,0.600000023842
02_22_16_14_07_038_right.jpg,0.126898184419,0.600000023842
02_22_16_14_07_066_left.jpg,0.129612803459,0.600000023842
02_22_16_14_07_066_right.jpg,0.129612803459,0.600000023842
02_22_16_14_07_102_left.jpg,0.151329651475,0.600000023842
02_22_16_14_07_102_right.jpg,0.151329651475,0.600000023842
02_22_16_14_07_132_left.jpg,0.164902672172,0.600000023842
02_22_16_14_07_133_right.jpg,0.164902672172,0.600000023842
02_22_16_14_07_191_right.jpg,0.170331895351,0.600000023842
02_22_16_14_07_192_left.jpg,0.170331895351,0.600000023842
02_22_16_14_07_221_left.jpg,0.170331895351,0.600000023842
02_22_16_14_07_221_right.jpg,0.170331895351,0.600000023842
02_22_16_14_07_258_left.jpg,0.170331895351,0.600000023842
02_22_16_14_07_264_right.jpg,0.170331895351,0.600000023842
02_22_16_14_07_296_right.jpg,0.170331895351,0.600000023842
02_22_16_14_07_299_left.jpg,0.170331895351,0.600000023842
02_22_16_14_07_348_left.jpg,0.17304648459,0.600000023842
02_22_16_14_07_349_right.jpg,0.17304648459,0.600000023842
02_22_16_14_07_426_right.jpg,0.230063691735,0.600000023842
02_22_16_14_07_432_left.jpg,0.230063691735,0.600000023842
02_22_16_14_07_469_right.jpg,0.243636727333,0.600000023842
02_22_16_14_07_470_left.jpg,0.243636727333,0.600000023842
02_22_16_14_07_505_right.jpg,0.243636727333,0.600000023842
02_22_16_14_07_509_left.jpg,0.243636727333,0.600000023842
02_22_16_14_07_532_left.jpg,0.246351346374,0.600000023842
02_22_16_14_07_540_right.jpg,0.246351346374,0.600000023842
02_22_16_14_07_561_left.jpg,0.246351346374,0.600000023842
02_22_16_14_07_562_right.jpg,0.246351346374,0.600000023842
02_22_16_14_07_639_right.jpg,0.246351346374,0.600000023842
02_22_16_14_07_642_left.jpg,0.246351346374,0.600000023842
02_22_16_14_07_670_left.jpg,0.246351346374,0.600000023842
02_22_16_14_07_669_right.jpg,0.246351346374,0.600000023842
02_22_16_14_07_714_left.jpg,0.246351346374,0.600000023842
02_22_16_14_07_714_right.jpg,0.246351346374,0.600000023842
02_22_16_14_07_753_left.jpg,0.246351346374,0.600000023842
02_22_16_14_07_758_right.jpg,0.246351346374,0.600000023842
02_22_16_14_07_784_left.jpg,0.246351346374,0.600000023842
02_22_16_14_07_789_right.jpg,0.246351346374,0.600000023842
02_22_16_14_07_857_left.jpg,0.246351346374,0.600000023842
02_22_16_14_07_864_right.jpg,0.246351346374,0.600000023842
02_22_16_14_07_891_right.jpg,0.246351346374,0.600000023842
02_22_16_14_07_892_left.jpg,0.246351346374,0.600000023842
02_22_16_14_07_941_left.jpg,0.259924352169,0.600000023842
02_22_16_14_07_953_right.jpg,0.26535359025,0.600000023842
02_22_16_14_07_975_left.jpg,0.268068164587,0.600000023842
02_22_16_14_07_976_right.jpg,0.268068164587,0.600000023842
02_22_16_14_08_001_right.jpg,0.278926610947,0.600000023842
02_22_16_14_08_004_left.jpg,0.278926610947,0.600000023842
02_22_16_14_08_086_right.jpg,0.289785027504,0.600000023842
02_22_16_14_08_079_left.jpg,0.289785027504,0.600000023842
02_22_16_14_08_123_left.jpg,0.289785027504,0.600000023842
02_22_16_14_08_125_right.jpg,0.289785027504,0.600000023842
02_22_16_14_08_162_left.jpg,0.295214235783,0.600000023842
02_22_16_14_08_166_right.jpg,0.295214235783,0.600000023842
02_22_16_14_08_204_left.jpg,0.295214235783,0.600000023842
02_22_16_14_08_211_right.jpg,0.295214235783,0.600000023842
02_22_16_14_08_236_right.jpg,0.295214235783,0.600000023842
02_22_16_14_08_237_left.jpg,0.295214235783,0.600000023842
02_22_16_14_08_300_left.jpg,0.295214235783,0.600000023842
02_22_16_14_08_301_right.jpg,0.295214235783,0.600000023842
02_22_16_14_08_335_right.jpg,0.295214235783,0.600000023842
02_22_16_14_08_336_left.jpg,0.295214235783,0.600000023842
02_22_16_14_08_365_right.jpg,0.295214235783,0.600000023842
02_22_16_14_08_372_left.jpg,0.295214235783,0.600000023842
02_22_16_14_08_401_left.jpg,0.295214235783,0.600000023842
02_22_16_14_08_410_right.jpg,0.295214235783,0.600000023842
02_22_16_14_08_433_right.jpg,0.295214235783,0.600000023842
02_22_16_14_08_433_left.jpg,0.295214235783,0.600000023842
02_22_16_14_08_487_left.jpg,0.295214235783,0.600000023842
02_22_16_14_08_493_right.jpg,0.295214235783,0.600000023842
02_22_16_14_08_553_left.jpg,0.295214235783,0.600000023842
02_22_16_14_08_554_right.jpg,0.295214235783,0.600000023842
02_22_16_14_08_593_left.jpg,0.300643444061,0.600000023842
02_22_16_14_08_606_right.jpg,0.308787286282,0.600000023842
02_22_16_14_08_626_left.jpg,0.308787286282,0.600000023842
02_22_16_14_08_626_right.jpg,0.308787286282,0.600000023842
02_22_16_14_08_669_left.jpg,0.325074911118,0.600000023842
02_22_16_14_08_669_right.jpg,0.325074911118,0.600000023842
02_22_16_14_08_722_left.jpg,0.325074911118,0.600000023842
02_22_16_14_08_727_right.jpg,0.325074911118,0.600000023842
02_22_16_14_08_761_right.jpg,0.325074911118,0.600000023842
02_22_16_14_08_762_left.jpg,0.325074911118,0.600000023842
02_22_16_14_08_806_left.jpg,0.325074911118,0.600000023842
02_22_16_14_08_809_right.jpg,0.325074911118,0.600000023842
02_22_16_14_08_842_left.jpg,0.333218723536,0.600000023842
02_22_16_14_08_842_right.jpg,0.333218723536,0.600000023842
02_22_16_14_08_867_right.jpg,0.340000003576,0.600000023842
02_22_16_14_08_868_left.jpg,0.340000003576,0.600000023842
02_22_16_14_08_932_right.jpg,0.340000003576,0.600000023842
02_22_16_14_08_932_left.jpg,0.340000003576,0.600000023842
02_22_16_14_08_965_right.jpg,0.340000003576,0.600000023842
02_22_16_14_08_965_left.jpg,0.340000003576,0.600000023842
02_22_16_14_09_003_left.jpg,0.340000003576,0.600000023842
02_22_16_14_09_004_right.jpg,0.340000003576,0.600000023842
02_22_16_14_09_037_left.jpg,0.340000003576,0.600000023842
02_22_16_14_09_037_right.jpg,0.340000003576,0.600000023842
02_22_16_14_09_079_left.jpg,0.340000003576,0.600000023842
02_22_16_14_09_079_right.jpg,0.340000003576,0.600000023842
02_22_16_14_09_140_left.jpg,0.340000003576,0.600000023842
02_22_16_14_09_145_right.jpg,0.340000003576,0.600000023842
02_22_16_14_09_168_left.jpg,0.340000003576,0.600000023842
02_22_16_14_09_169_right.jpg,0.340000003576,0.600000023842
02_22_16_14_09_203_left.jpg,0.340000003576,0.600000023842
02_22_16_14_09_203_right.jpg,0.340000003576,0.600000023842
02_22_16_14_09_236_right.jpg,0.340000003576,0.600000023842
02_22_16_14_09_239_left.jpg,0.340000003576,0.600000023842
02_22_16_14_09_273_left.jpg,0.340000003576,0.600000023842
02_22_16_14_09_273_right.jpg,0.340000003576,0.600000023842
02_22_16_14_09_364_left.jpg,0.340000003576,0.600000023842
02_22_16_14_09_368_right.jpg,0.340000003576,0.600000023842
02_22_16_14_09_395_left.jpg,0.340000003576,0.600000023842
02_22_16_14_09_398_right.jpg,0.340000003576,0.600000023842
02_22_16_14_09_430_left.jpg,0.340000003576,0.600000023842
02_22_16_14_09_431_right.jpg,0.340000003576,0.600000023842
02_22_16_14_09_471_right.jpg,0.340000003576,0.600000023842
02_22_16_14_09_471_left.jpg,0.340000003576,0.600000023842
02_22_16_14_09_528_left.jpg,0.340000003576,0.600000023842
02_22_16_14_09_532_right.jpg,0.340000003576,0.600000023842
02_22_16_14_09_561_left.jpg,0.340000003576,0.600000023842
02_22_16_14_09_569_right.jpg,0.340000003576,0.600000023842
02_22_16_14_09_598_left.jpg,0.340000003576,0.600000023842
02_22_16_14_09_599_right.jpg,0.340000003576,0.600000023842
02_22_16_14_09_628_left.jpg,0.340000003576,0.600000023842
02_22_16_14_09_638_right.jpg,0.340000003576,0.600000023842
02_22_16_14_09_667_left.jpg,0.340000003576,0.600000023842
02_22_16_14_09_668_right.jpg,0.340000003576,0.600000023842
02_22_16_14_09_748_left.jpg,0.340000003576,0.600000023842
02_22_16_14_09_749_right.jpg,0.340000003576,0.600000023842
02_22_16_14_09_783_right.jpg,0.340000003576,0.600000023842
02_22_16_14_09_784_left.jpg,0.340000003576,0.600000023842
02_22_16_14_09_815_left.jpg,0.340000003576,0.600000023842
02_22_16_14_09_818_right.jpg,0.340000003576,0.600000023842
02_22_16_14_09_859_right.jpg,0.340000003576,0.600000023842
02_22_16_14_09_859_left.jpg,0.340000003576,0.600000023842
02_22_16_14_09_925_left.jpg,0.340000003576,0.600000023842
02_22_16_14_09_933_right.jpg,0.340000003576,0.600000023842
02_22_16_14_09_957_left.jpg,0.340000003576,0.600000023842
02_22_16_14_09_967_right.jpg,0.340000003576,0.600000023842
02_22_16_14_09_988_left.jpg,0.340000003576,0.600000023842
02_22_16_14_09_991_right.jpg,0.340000003576,0.600000023842
02_22_16_14_10_024_left.jpg,0.340000003576,0.600000023842
02_22_16_14_10_025_right.jpg,0.340000003576,0.600000023842
02_22_16_14_10_057_left.jpg,0.340000003576,0.600000023842
02_22_16_14_10_061_right.jpg,0.340000003576,0.600000023842
02_22_16_14_10_122_left.jpg,0.340000003576,0.600000023842
02_22_16_14_10_123_right.jpg,0.340000003576,0.600000023842
02_22_16_14_10_162_left.jpg,0.340000003576,0.600000023842
02_22_16_14_10_167_right.jpg,0.340000003576,0.600000023842
02_22_16_14_10_196_left.jpg,0.340000003576,0.600000023842
02_22_16_14_10_197_right.jpg,0.340000003576,0.600000023842
02_22_16_14_10_226_left.jpg,0.340000003576,0.600000023842
02_22_16_14_10_226_right.jpg,0.340000003576,0.600000023842
02_22_16_14_10_260_left.jpg,0.340000003576,0.600000023842
02_22_16_14_10_261_right.jpg,0.340000003576,0.600000023842
02_22_16_14_10_349_right.jpg,0.243636727333,0.600000023842
02_22_16_14_10_349_left.jpg,0.243636727333,0.600000023842
02_22_16_14_10_381_left.jpg,0.151329651475,0.600000023842
02_22_16_14_10_383_right.jpg,0.151329651475,0.600000023842
02_22_16_14_10_426_right.jpg,0.0264472849667,0.600000023842
02_22_16_14_10_428_left.jpg,0.0264472849667,0.600000023842
02_22_16_14_10_455_left.jpg,0.00201583071612,0.600000023842
02_22_16_14_10_457_right.jpg,0.00201583071612,0.600000023842
02_22_16_14_10_523_right.jpg,0.0,0.600000023842
02_22_16_14_10_524_left.jpg,0.0,0.600000023842
02_22_16_14_10_561_left.jpg,0.0,0.600000023842
02_22_16_14_10_561_right.jpg,0.0,0.600000023842
02_22_16_14_10_590_right.jpg,0.0,0.600000023842
02_22_16_14_10_593_left.jpg,0.0,0.600000023842
02_22_16_14_10_644_right.jpg,0.0,0.600000023842
02_22_16_14_10_644_left.jpg,0.0,0.600000023842
02_22_16_14_10_661_right.jpg,0.0,0.600000023842
02_22_16_14_10_663_left.jpg,0.0,0.600000023842
02_22_16_14_10_722_left.jpg,0.0,0.600000023842
02_22_16_14_10_723_right.jpg,0.0,0.600000023842
02_22_16_14_10_757_right.jpg,0.0,0.600000023842
02_22_16_14_10_757_left.jpg,0.0,0.600000023842
02_22_16_14_10_791_right.jpg,0.0,0.600000023842
02_22_16_14_10_791_left.jpg,0.0,0.600000023842
02_22_16_14_10_828_right.jpg,0.0183034669608,0.600000023842
02_22_16_14_10_830_left.jpg,0.0183034669608,0.600000023842
02_22_16_14_10_860_left.jpg,0.0698809847236,0.600000023842
02_22_16_14_10_864_right.jpg,0.0698809847236,0.600000023842
02_22_16_14_10_929_left.jpg,0.0861686170101,0.600000023842
02_22_16_14_10_929_right.jpg,0.0861686170101,0.600000023842
02_22_16_14_10_960_left.jpg,0.0861686170101,0.600000023842
02_22_16_14_10_962_right.jpg,0.0861686170101,0.600000023842
02_22_16_14_10_993_left.jpg,0.0915978252888,0.600000023842
02_22_16_14_10_995_right.jpg,0.0915978252888,0.600000023842
02_22_16_14_11_026_left.jpg,0.097027041018,0.600000023842
02_22_16_14_11_026_right.jpg,0.097027041018,0.600000023842
02_22_16_14_11_102_left.jpg,0.097027041018,0.600000023842
02_22_16_14_11_116_right.jpg,0.097027041018,0.600000023842
02_22_16_14_11_128_left.jpg,0.097027041018,0.600000023842
02_22_16_14_11_137_right.jpg,0.097027041018,0.600000023842
02_22_16_14_11_169_right.jpg,0.097027041018,0.600000023842
02_22_16_14_11_169_left.jpg,0.097027041018,0.600000023842
02_22_16_14_11_197_left.jpg,0.097027041018,0.600000023842
02_22_16_14_11_201_right.jpg,0.097027041018,0.600000023842
02_22_16_14_11_280_right.jpg,0.097027041018,0.600000023842
02_22_16_14_11_280_left.jpg,0.097027041018,0.600000023842
02_22_16_14_11_318_left.jpg,0.097027041018,0.600000023842
02_22_16_14_11_318_right.jpg,0.097027041018,0.600000023842
02_22_16_14_11_361_right.jpg,0.097027041018,0.600000023842
02_22_16_14_11_366_left.jpg,0.097027041018,0.600000023842
02_22_16_14_11_390_left.jpg,0.097027041018,0.600000023842
02_22_16_14_11_392_right.jpg,0.097027041018,0.600000023842
02_22_16_14_11_472_left.jpg,0.0535933412611,0.600000023842
02_22_16_14_11_481_right.jpg,0.0535933412611,0.600000023842
02_22_16_14_11_509_left.jpg,0.0264472849667,0.600000023842
02_22_16_14_11_510_right.jpg,0.0264472849667,0.600000023842
02_22_16_14_11_550_left.jpg,0.0128742549568,0.600000023842
02_22_16_14_11_557_right.jpg,0.0128742549568,0.600000023842
02_22_16_14_11_577_right.jpg,0.0101596489549,0.600000023842
02_22_16_14_11_596_left.jpg,0.0,0.600000023842
02_22_16_14_11_621_left.jpg,0.0,0.600000023842
02_22_16_14_11_633_right.jpg,0.0,0.600000023842
02_22_16_14_11_721_right.jpg,0.0,0.600000023842
02_22_16_14_11_722_left.jpg,0.0,0.600000023842
02_22_16_14_11_760_left.jpg,0.0,0.600000023842
02_22_16_14_11_763_right.jpg,0.0,0.600000023842
02_22_16_14_11_792_left.jpg,0.0,0.600000023842
02_22_16_14_11_813_right.jpg,0.0,0.600000023842
02_22_16_14_11_874_left.jpg,0.0,0.600000023842
02_22_16_14_11_886_right.jpg,0.0,0.600000023842
02_22_16_14_11_942_left.jpg,0.0,0.600000023842
02_22_16_14_11_947_right.jpg,0.0,0.600000023842
02_22_16_14_12_020_left.jpg,0.0,0.600000023842
02_22_16_14_12_023_right.jpg,0.0,0.600000023842
02_22_16_14_12_057_left.jpg,0.0,0.600000023842
02_22_16_14_12_057_right.jpg,0.0,0.600000023842
02_22_16_14_12_097_left.jpg,0.0,0.600000023842
02_22_16_14_12_097_right.jpg,0.0,0.600000023842
02_22_16_14_12_133_left.jpg,0.0,0.600000023842
02_22_16_14_12_146_right.jpg,0.0,0.600000023842
02_22_16_14_12_157_right.jpg,0.0,0.600000023842
02_22_16_14_12_160_left.jpg,0.0,0.600000023842
02_22_16_14_12_218_right.jpg,0.0,0.600000023842
02_22_16_14_12_220_left.jpg,0.0,0.600000023842
02_22_16_14_12_256_right.jpg,0.0,0.600000023842
02_22_16_14_12_256_left.jpg,0.0,0.600000023842
02_22_16_14_12_285_left.jpg,0.0,0.600000023842
02_22_16_14_12_286_right.jpg,0.0,0.600000023842
02_22_16_14_12_332_right.jpg,0.0,0.600000023842
02_22_16_14_12_333_left.jpg,0.0,0.600000023842
02_22_16_14_12_358_right.jpg,0.0,0.600000023842
02_22_16_14_12_359_left.jpg,0.0,0.600000023842
02_22_16_14_12_424_left.jpg,0.0,0.600000023842
02_22_16_14_12_427_right.jpg,0.0,0.600000023842
02_22_16_14_12_456_left.jpg,0.0,0.600000023842
02_22_16_14_12_457_right.jpg,0.0,0.600000023842
02_22_16_14_12_494_left.jpg,0.0,0.600000023842
02_22_16_14_12_495_right.jpg,0.0,0.600000023842
02_22_16_14_12_534_left.jpg,0.0,0.600000023842
02_22_16_14_12_538_right.jpg,0.0,0.600000023842
02_22_16_14_12_584_left.jpg,0.0,0.314957112074
02_22_16_14_12_585_right.jpg,0.0,0.314957112074
02_22_16_14_12_649_right.jpg,0.0,0.314957112074
02_22_16_14_12_653_left.jpg,0.0,0.314957112074
02_22_16_14_12_687_right.jpg,0.0,0.314957112074
02_22_16_14_12_688_left.jpg,0.0,0.314957112074
02_22_16_14_12_714_left.jpg,0.0,0.314957112074
02_22_16_14_12_720_right.jpg,0.0,0.314957112074
02_22_16_14_12_746_left.jpg,0.0,0.314957112074
02_22_16_14_12_754_right.jpg,0.0,0.314957112074
02_22_16_14_12_801_left.jpg,0.0,0.314957112074
02_22_16_14_12_802_right.jpg,0.0,0.314957112074
